kode_bps_2010,name_kab_2010,Islam,Kristen,Katolik,Hindu,Budha,Khong Hu Chu,Lainnya,Tidak Terjawab,Tidak Ditanyakan,Jumlah
1101,Simeulue,80424,171,5,0,25,0,0,1,48,80674
1102,Aceh Singkil,90508,10715,746,2,1,0,263,0,274,102509
1103,Aceh Selatan,200686,79,13,0,117,0,0,0,1356,202251
1104,Aceh Tenggara,145265,32209,1275,3,2,0,0,0,256,179010
1105,Aceh Timur,360144,30,9,0,43,1,0,0,248,360475
1106,Aceh Tengah,174659,327,88,1,226,1,0,0,225,175527
1107,Aceh Barat,170701,358,41,3,634,7,0,0,1814,173558
1108,Aceh Besar,345535,681,136,20,154,6,1,0,4885,351418
1109,Pidie,377453,79,9,1,115,0,0,0,1451,379108
1110,Bireuen,387379,171,7,11,324,7,0,0,1389,389288
1111,Aceh Utara,529199,171,13,9,98,0,0,0,261,529751
1112,Aceh Barat Daya,125708,24,4,0,184,0,0,0,116,126036
1113,Gayo Lues,79331,147,1,1,1,0,0,0,79,79560
1114,Aceh Tamiang,249354,628,71,1,1265,7,0,0,588,251914
1115,Nagan Raya,138869,244,4,0,44,0,0,0,502,139663
1116,Aceh Jaya,75501,64,3,5,1,0,0,0,1208,76782
1117,Bener Meriah,121722,82,12,7,42,1,0,0,411,122277
1118,Pidie Jaya,132062,14,1,0,1,1,0,0,877,132956
1171,Kota Banda Aceh,216941,1571,431,50,2535,3,11,0,1904,223446
1172,Kota Sabang,29889,283,53,1,236,0,2,0,189,30653
1173,Kota Langsa,146377,532,12,13,455,0,0,0,1556,148945
1174,Kota Lhokseumawe,169631,539,75,7,557,0,0,0,354,171163
1175,Kota Subulussalam,65906,1190,306,1,2,2,0,0,39,67446
1201,Nias,1536,113293,16510,0,0,4,27,6,1,131377
1202,Mandailing Natal,386771,12452,454,10,16,0,0,0,5242,404945
1203,Tapanuli Selatan,207372,51735,2544,3,15,0,44,0,2102,263815
1204,Tapanuli Tengah,132932,141013,36146,18,208,3,346,8,558,311232
1205,Tapanuli Utara,13301,251991,12815,2,139,5,25,7,972,279257
1206,Toba Samosir,10738,147894,11424,37,74,5,1814,0,1143,173129
1207,Labuhan Batu,344224,57921,4811,53,6637,9,31,0,1424,415110
1208,Asahan,594366,61161,4513,109,6848,11,162,0,1102,668272
1209,Simalungun,468328,302302,42132,128,1965,13,470,84,2298,817720
1210,Dairi,42302,196592,30476,20,272,6,36,0,349,270053
1211,Karo,91796,204283,51678,130,1518,4,101,0,1450,350960
1212,Deli Serdang,1400527,301106,44388,2989,36380,96,339,195,4411,1790431
1213,Langkat,876405,75001,3997,409,7676,20,271,0,3756,967535
1214,Nias Selatan,7394,223843,58123,6,31,2,93,89,127,289708
1215,Humbang Hasundutan,5165,142662,23410,0,2,0,90,2,319,171650
1216,Pakpak Bharat,16161,23065,1223,0,0,0,0,0,56,40505
1217,Samosir,1884,69947,47575,8,5,1,172,0,61,119653
1218,Serdang Bedagai,497855,79502,8299,207,7264,43,57,672,484,594383
1219,Batu Bara,330076,37757,5715,25,1100,40,268,4,900,375885
1220,Padang Lawas Utara,200459,20838,832,3,12,0,8,0,1379,223531
1221,Padang Lawas,213948,10777,379,0,5,0,2,0,148,225259
1222,Labuhan Batu Selatan,238682,36870,1318,16,622,15,0,0,150,277673
1223,Labuhan Batu Utara,271919,52492,4012,30,1801,9,10,0,428,330701
1224,Nias Utara,6894,99529,20676,2,1,0,140,1,1,127244
1225,Nias Barat,1621,64417,15740,2,12,1,11,1,2,81807
1271,Kota Sibolga,48358,29729,3741,2,2512,14,9,0,116,84481
1272,Kota Tanjung Balai,131339,12348,1168,27,8781,27,3,0,752,154445
1273,Kota Pematang Siantar,103029,109236,11065,265,10226,27,163,80,607,234698
1274,Kota Tebing Tinggi,113344,18689,1327,217,10313,70,5,4,1279,145248
1275,Kota Medan,1422237,425253,37552,9296,184807,370,339,491,17265,2097610
1276,Kota Binjai,209426,19396,2004,630,13391,182,16,0,1109,246154
1277,Kota Padangsidimpuan,172290,17123,878,0,670,5,0,61,504,191531
1278,Kota Gunungsitoli,17151,99483,9112,0,245,2,36,55,118,126202
1301,Kepulauan Mentawai,14897,37321,23568,3,0,6,360,13,5,76173
1302,Pesisir Selatan,428250,509,126,8,11,0,2,254,86,429246
1303,Solok,347526,463,29,3,7,2,5,253,278,348566
1304,Sijunjung,200553,774,200,8,13,2,10,27,236,201823
1305,Tanah Datar,336353,378,127,3,15,3,1,10,1604,338494
1306,Padang Pariaman,389090,1150,217,10,2,1,0,380,206,391056
1307,Agam,450981,2907,301,19,11,1,6,98,529,454853
1308,Lima Puluh Kota,347539,449,219,2,14,3,1,224,104,348555
1309,Pasaman,252055,1041,65,1,2,1,0,88,46,253299
1310,Solok Selatan,143443,558,83,4,15,1,1,23,153,144281
1311,Dharmas Raya,188691,1287,253,4,9,3,0,24,1151,191422
1312,Pasaman Barat,356664,5906,2327,1,42,3,25,62,99,365129
1371,Kota Padang,803706,13094,10689,145,2876,36,73,464,2479,833562
1372,Kota Solok,58621,352,173,1,2,1,0,1,245,59396
1373,Kota Sawah Lunto,56508,226,99,0,2,2,2,0,27,56866
1374,Kota Padang Panjang,45076,268,305,4,45,0,4,0,1306,47008
1375,Kota Bukittinggi,108367,1586,1041,10,197,3,3,0,105,111312
1376,Kota Payakumbuh,115142,714,506,6,154,2,0,8,293,116825
1377,Kota Pariaman,78462,270,100,2,2,0,0,1,206,79043
1401,Kuantan Singingi,280478,9614,814,23,378,11,6,0,792,292116
1402,Indragiri Hulu,336394,19753,3845,14,1058,55,1281,1,1041,363442
1403,Indragiri Hilir,649827,6119,603,75,4294,216,8,23,614,661779
1404,Pelalawan,253465,42123,2947,86,2619,13,0,0,576,301829
1405,Siak,311820,54250,5010,226,3601,63,268,0,1504,376742
1406,Kampar,620465,61613,5098,54,450,24,6,87,407,688204
1407,Rokan Hulu,400125,69355,4700,16,231,7,23,0,386,474843
1408,Bengkalis,411569,56295,4624,85,24286,361,41,0,1075,498336
1409,Rokan Hilir,480505,51696,3355,87,15095,957,11,6,1504,553216
1410,Kepulauan Meranti,148888,2350,162,73,23083,1316,315,0,103,176290
1471,Kota Pekanbaru,762049,86200,11270,280,31108,310,129,400,6021,897767
1473,Kota Dumai,217288,25527,1755,57,8129,422,0,0,625,253803
1501,Kerinci,228961,423,110,0,0,0,0,1,0,229495
1502,Merangin,326376,4957,503,30,80,13,32,12,1203,333206
1503,Sarolangun,238093,5569,694,14,223,16,128,5,1503,246245
1504,Batang Hari,236286,4077,393,19,221,35,0,1,302,241334
1505,Muaro Jambi,326275,11949,1118,150,996,184,2,25,2253,342952
1506,Tanjung Jabung Timur,201993,1987,272,4,248,27,4,0,737,205272
1507,Tanjung Jabung Barat,262756,11634,1018,39,1533,145,1,63,1552,278741
1508,Tebo,289648,5727,971,100,99,21,129,10,1030,297735
1509,Bungo,294057,4881,1043,17,1121,1,0,27,1988,303135
1571,Kota Jambi,464233,30623,7006,208,25383,1049,7,165,3183,531857
1572,Kota Sungai Penuh,81517,484,122,1,110,0,0,4,55,82293
1601,Ogan Komering Ulu,314182,2281,3211,2104,822,5,6,62,1372,324045
1602,Ogan Komering Ilir,708929,4964,2986,10012,400,11,3,62,9,727376
1603,Muara Enim,708105,4399,1209,1308,852,5,20,91,687,716676
1604,Lahat,365947,1719,909,27,552,16,0,28,776,369974
1605,Musi Rawas,515632,4601,2661,2051,213,7,7,8,328,525508
1606,Musi Banyuasin,553352,4118,749,2295,111,17,3,237,576,561458
1607,Banyu Asin,733626,7362,1607,3631,2274,31,5,51,1523,750110
1608,Ogan Komering Ulu Selatan,315720,780,138,1288,127,1,4,3,367,318428
1609,Ogan Komering Ulu Timur,576229,7056,10012,15495,622,5,13,90,460,609982
1610,Ogan Ilir,375393,1595,178,25,401,5,8,24,3275,380904
1611,Empat Lawang,220694,223,50,69,20,0,4,5,111,221176
1671,Kota Palembang,1354586,28724,16884,792,49638,533,57,1242,2828,1455284
1672,Kota Prabumulih,158038,1505,494,53,1293,12,30,18,541,161984
1673,Kota Pagar Alam,125208,360,238,9,117,4,3,0,242,126181
1674,Kota Lubuklinggau,193310,2548,1110,47,2213,11,1,7,2061,201308
1701,Bengkulu Selatan,140881,1469,229,18,19,0,0,152,172,142940
1702,Rejang Lebong,241191,2156,1183,41,620,2,102,87,1405,246787
1703,Bengkulu Utara,246848,7663,938,1522,109,2,6,77,510,257675
1704,Kaur,107440,281,36,138,3,1,0,0,0,107899
1705,Seluma,169655,2385,185,1144,3,0,3,33,99,173507
1706,Mukomuko,150520,3684,668,229,42,0,1,599,10,155753
1707,Lebong,98377,354,74,0,6,0,0,402,2,99215
1708,Kepahiang,123377,571,176,201,110,11,0,69,350,124865
1709,Bengkulu Tengah,96344,1021,381,253,169,0,4,4,157,98333
1771,Kota Bengkulu,294448,9140,2494,181,1092,25,14,115,1035,308544
1801,Lampung Barat,412683,2751,532,1760,173,0,25,774,339,419037
1802,Tanggamus,530331,1560,2492,772,387,26,14,310,721,536613
1803,Lampung Selatan,873654,12829,5598,15014,1116,34,129,267,3849,912490
1804,Lampung Timur,913200,13247,5909,16513,2236,49,22,130,333,951639
1805,Lampung Tengah,1093801,15815,14715,40379,1818,54,55,0,4080,1170717
1806,Lampung Utara,570594,6160,3989,2416,662,33,8,48,367,584277
1807,Way Kanan,386262,4265,3169,11784,200,6,119,259,59,406123
1808,Tulangbawang,375274,7847,2724,10686,357,19,21,726,252,397906
1809,Pesawaran,389577,3618,2183,359,1467,8,30,0,1606,398848
1810,Pringsewu,350297,2875,7316,2561,599,21,188,29,1483,365369
1811,Mesuji,178733,2599,658,4742,192,3,15,465,0,187407
1812,Tulangbawang Barat,238659,6601,1969,3015,311,11,6,133,2,250707
1871,Kota Bandar Lampung,816807,31345,14049,3111,13016,326,32,297,2818,881801
1872,Kota Metro,134911,3743,3711,400,1588,6,0,4,1108,145471
1901,Bangka,234992,5827,2567,23,16592,15715,307,125,1056,277204
1902,Belitung,143051,2198,873,672,8784,98,4,34,251,155965
1903,Bangka Barat,158881,2246,729,20,5374,5885,2,34,1979,175150
1904,Bangka Tengah,140173,3694,3999,31,5373,7765,0,137,56,161228
1905,Bangka Selatan,166085,1018,724,209,1859,2228,3,382,20,172528
1906,Belitung Timur,101765,1106,232,8,3093,132,6,59,62,106463
1971,Kota Pangkal Pinang,143844,5964,5614,77,10807,7967,1,91,393,174758
2101,Karimun,179006,7529,2284,31,22650,629,23,6,403,212561
2102,Bintan,123332,7554,2920,215,6983,568,4,112,612,142300
2103,Natuna,66599,863,257,7,770,228,0,0,279,69003
2104,Lingga,78355,1544,898,3,4774,585,1,0,84,86244
2105,Kepulauan Anambas,34642,808,933,5,1007,10,0,0,6,37411
2171,Kota Batam,701132,158392,28744,1075,51432,1003,162,439,1906,944285
2172,Kota Tanjung Pinang,149135,10886,2216,205,24114,366,8,63,366,187359
3101,Kepulauan Seribu,21009,24,3,6,0,0,0,0,40,21082
3171,Kodya Jakarta Selatan,1896152,97872,44549,4736,11970,443,936,1523,4051,2062232
3172,Kodya Jakarta Timur,2416360,190137,57330,4511,12312,603,321,806,11516,2693896
3173,Kodya Jakarta Pusat,752465,76784,30195,3481,29035,538,560,136,9779,902973
3174,Kodya Jakarta Barat,1803612,205112,103681,2792,160291,2458,297,605,3097,2281945
3175,Kodya Jakarta Utara,1311198,154303,67537,4838,103919,1292,296,63,2213,1645659
3201,Bogor,4613204,82918,25138,2763,16827,8764,574,10043,11701,4771932
3202,Sukabumi,2332841,4892,1424,47,757,203,20,550,675,2341409
3203,Cianjur,2152897,9729,2522,154,2192,70,101,2489,1127,2171281
3204,Bandung,3104184,45734,14608,810,2364,150,971,6691,3031,3178543
3205,Garut,2394460,3506,865,50,390,25,271,2883,1671,2404121
3206,Tasikmalaya,1670540,479,292,8,26,3,75,2422,1830,1675675
3207,Ciamis,1528337,1735,457,17,111,150,159,915,623,1532504
3208,Kuningan,1023868,1944,5159,19,194,28,409,1455,2513,1035589
3209,Cirebon,2056304,6766,2250,121,454,28,32,356,885,2067196
3210,Majalengka,1162330,2829,385,23,152,13,45,18,678,1166473
3211,Sumedang,1081867,4997,733,272,399,21,24,2480,2809,1093602
3212,Indramayu,1648634,4840,929,85,188,42,30,4353,4636,1663737
3213,Subang,1455229,4382,1237,31,326,45,43,1578,2286,1465157
3214,Purwakarta,841552,5980,1518,502,519,79,29,529,1813,852521
3215,Karawang,2088849,22940,4738,459,5277,296,71,1931,3230,2127791
3216,Bekasi,2508492,80636,19594,1920,11769,475,312,7053,150,2630401
3217,Bandung Barat,1484802,15242,4586,491,481,67,540,69,4006,1510284
3271,Kota Bogor,881721,36506,18721,1250,7506,596,75,1978,1981,950334
3272,Kota Sukabumi,285592,6322,2729,52,2726,38,24,31,1167,298681
3273,Kota Bandung,2195994,128371,46719,2146,11732,622,363,4544,4382,2394873
3274,Kota Cirebon,272740,14017,5778,108,2172,101,21,108,1344,296389
3275,Kota Bekasi,2063007,178584,55813,4339,20429,548,819,8824,2508,2334871
3276,Kota Depok,1611602,85327,25588,3147,4962,2036,227,4437,1244,1738570
3277,Kota Cimahi,505730,22575,7547,611,829,71,265,789,2760,541177
3278,Kota Tasikmalaya,625620,6820,1371,41,730,153,141,72,516,635464
3279,Kota Banjar,173196,1201,174,15,39,99,16,270,147,175157
3301,Cilacap,1612218,15496,7016,145,2131,68,1094,0,3939,1642107
3302,Banyumas,1525427,16302,9604,356,1714,177,68,1,878,1554527
3303,Purbalingga,841826,4876,1885,16,70,42,59,0,178,848952
3304,Banjarnegara,863181,3575,1028,36,584,16,170,0,323,868913
3305,Kebumen,1145767,7313,3658,38,2030,33,272,0,815,1159926
3306,Purworejo,678168,7621,6624,61,723,47,56,0,2127,695427
3307,Wonosobo,744199,5006,3036,218,701,28,27,0,1668,754883
3308,Magelang,1136998,10249,21577,199,277,24,565,0,11834,1181723
3309,Boyolali,908402,12500,3687,1986,2374,5,26,0,1551,930531
3310,Klaten,1062043,28333,33457,5194,273,7,47,0,693,1130047
3311,Sukoharjo,776983,29692,12095,407,597,32,58,0,4374,824238
3312,Wonogiri,905318,11779,9735,50,1773,4,22,0,223,928904
3313,Karanganyar,774020,22386,11765,2906,382,9,30,0,1698,813196
3314,Sragen,838958,10356,5406,1001,229,10,26,0,2280,858266
3315,Grobogan,1291406,11048,3049,155,1071,84,6,0,1877,1308696
3316,Blora,816688,8158,2910,48,226,63,110,0,1525,829728
3317,Rembang,579874,2986,2303,52,585,44,33,0,5482,591359
3318,Pati,1154431,26478,3141,98,3191,23,1351,0,2280,1190993
3319,Kudus,757833,11194,3731,28,1039,20,161,0,3431,777437
3320,Jepara,1066591,21854,971,489,4070,26,56,0,3223,1097280
3321,Demak,1041086,8151,2849,82,217,15,0,1,3178,1055579
3322,Semarang,868084,32060,22064,311,4884,63,512,0,2749,930727
3323,Temanggung,679193,14570,5663,52,7691,23,258,0,1096,708546
3324,Kendal,885191,4898,3355,334,267,23,40,0,6205,900313
3325,Batang,702605,1876,1455,32,120,26,2,0,648,706764
3326,Pekalongan,834637,2440,817,442,99,20,54,0,112,838621
3327,Pemalang,1254669,4620,1331,72,194,13,149,1,304,1261353
3328,Tegal,1386690,4459,2264,343,471,206,43,2,361,1394839
3329,Brebes,1724709,3534,1307,34,232,84,71,1,3897,1733869
3371,Kota Magelang,97585,10971,5902,132,427,54,23,0,3133,118227
3372,Kota Surakarta,393375,68844,33014,364,1208,151,37,0,2344,499337
3373,Kota Salatiga,129894,30443,8069,106,792,28,16,0,984,170332
3374,Kota Semarang,1350310,107519,77319,1548,10013,1061,205,0,8009,1555984
3375,Kota Pekalongan,270632,5801,2992,56,1237,151,8,1,556,281434
3376,Kota Tegal,229350,5129,2840,57,1117,315,2,0,789,239599
3401,Kulon Progo,366747,5107,16224,25,599,0,8,49,110,388869
3402,Bantul,868326,13995,26790,1125,274,26,50,468,449,911503
3403,Gunung Kidul,649209,11938,11954,1171,524,3,324,50,209,675382
3404,Sleman,971414,38910,74287,2176,1000,62,80,2430,2751,1093110
3471,Kota Yogyakarta,323433,24318,36494,760,1145,68,44,1560,805,388627
3501,Pacitan,538079,759,257,29,11,183,11,2,1550,540881
3502,Ponorogo,839127,2864,2268,82,261,14,25,32,10608,855281
3503,Trenggalek,669341,1607,316,41,38,11,0,1426,1631,674411
3504,Tulungagung,972477,11776,2561,140,844,60,188,570,1542,990158
3505,Blitar,1075727,14815,10249,12050,2403,16,42,406,931,1116639
3506,Kediri,1444072,32139,6280,5794,276,84,184,266,10673,1499768
3507,Malang,2346252,58185,11673,10400,2321,83,133,2696,14475,2446218
3508,Lumajang,982104,10187,2076,6077,418,33,44,715,4804,1006458
3509,Jember,2288106,19247,6754,1757,1049,343,86,240,15144,2332726
3510,Banyuwangi,1495024,17061,3858,27318,3880,427,146,525,7839,1556078
3511,Bondowoso,727655,3397,1030,170,277,38,0,561,3644,736772
3512,Situbondo,625048,4528,1150,147,269,40,11,2,16424,647619
3513,Probolinggo,1065828,2391,918,14008,249,23,61,291,12475,1096244
3514,Pasuruan,1458440,7651,1913,15955,411,55,36,843,27164,1512468
3515,Sidoarjo,1849794,56662,21932,3629,3493,440,84,1110,4353,1941497
3516,Mojokerto,1011917,9361,1186,638,443,53,29,981,835,1025443
3517,Jombang,1169417,15389,1431,657,797,110,19,3170,11417,1202407
3518,Nganjuk,1004524,6258,2049,379,210,56,60,486,3008,1017030
3519,Madiun,654444,5645,1203,46,53,3,19,72,793,662278
3520,Magetan,606985,4919,1290,107,550,11,26,625,5929,620442
3521,Ngawi,801534,5551,3236,56,127,16,49,1176,6020,817765
3522,Bojonegoro,1196756,4591,1890,56,309,192,13,2961,3205,1209973
3523,Tuban,1106119,5066,1557,85,449,160,6,63,4959,1118464
3524,Lamongan,1172320,2964,349,279,57,12,20,2505,553,1179059
3525,Gresik,1147746,12280,3156,1970,450,54,115,147,11124,1177042
3526,Bangkalan,896324,1050,401,20,95,6,4,2656,6205,906761
3527,Sampang,856487,356,64,9,25,2,10,6653,14166,877772
3528,Pamekasan,766560,751,553,22,91,6,4,1756,26175,795918
3529,Sumenep,1033854,685,478,8,118,5,0,29,7135,1042312
3571,Kota Kediri,235891,14759,5894,248,939,136,25,0,10615,268507
3572,Kota Blitar,119955,5510,4810,85,535,136,21,0,916,131968
3573,Kota Malang,729416,46769,30360,1740,4007,287,86,341,7237,820243
3574,Kota Probolinggo,209685,2944,2271,142,894,63,2,0,1061,217062
3575,Kota Pasuruan,179225,2623,1493,159,1111,83,0,0,1568,186262
3576,Kota Mojokerto,110061,6958,1546,104,1011,97,0,4,415,120196
3577,Kota Madiun,154134,10047,5027,159,529,42,21,0,1005,170964
3578,Kota Surabaya,2393070,223681,88554,7188,31166,2758,462,11700,6908,2765487
3579,Kota Batu,179898,7041,2171,423,594,28,0,0,29,190184
3601,Pandeglang,1147436,712,183,11,251,4,0,0,1013,1149610
3602,Lebak,1185077,1328,704,12,1496,23,11457,0,3998,1204095
3603,Tangerang,2667088,80858,29924,1911,48123,1052,115,7,5298,2834376
3604,Serang,1385503,6479,1684,289,506,60,0,2,8295,1402818
3671,Kota Tangerang,1587272,95240,40921,2676,66455,1243,82,4,4708,1798601
3672,Kota Cilegon,364628,5857,1425,223,1285,21,1,0,1119,374559
3673,Kota Serang,566575,5235,2193,246,1943,42,0,0,1551,577785
3674,Kota Tangerang Selatan,1162204,73181,38831,2821,11163,787,67,3,1265,1290322
5101,Jembrana,69608,2890,1865,186319,756,2,0,0,198,261638
5102,Tabanan,26070,2691,1195,389125,1533,14,2,0,283,420913
5103,Badung,96166,18396,10234,414863,2475,32,125,1,1040,543332
5104,Gianyar,18834,1692,667,447225,799,28,41,0,491,469777
5105,Klungkung,7794,372,138,161589,430,0,0,0,220,170543
5106,Bangli,2185,197,56,212325,113,1,0,0,476,215353
5107,Karang Asem,16221,398,197,379113,334,1,4,0,219,396487
5108,Buleleng,57467,3132,916,557532,3127,97,15,0,1839,624125
5171,Kota Denpasar,225899,34686,16129,499192,11589,252,95,0,747,788589
5201,Lombok Barat,563956,953,269,33159,1550,5,3,0,91,599986
5202,Lombok Tengah,855820,271,56,2917,88,0,0,0,1057,860209
5203,Lombok Timur,1104232,310,61,853,11,2,5,2,106,1105582
5204,Sumbawa,398502,2348,2402,11680,315,45,0,0,497,415789
5205,Dompu,214119,552,419,3663,17,6,0,0,197,218973
5206,Bima,436886,633,1325,309,17,10,1,0,47,439228
5207,Sumbawa Barat,112140,621,378,1264,7,2,15,0,524,114951
5208,Lombok Utara,183790,75,15,7421,8750,3,11,0,7,200072
5271,Kota Mataram,332259,6735,3033,56351,3840,59,5,1,560,402843
5272,Kota Bima,139580,1364,936,466,30,7,0,27,169,142579
5301,Sumba Barat,5126,64734,18971,174,3,3,21534,0,448,110993
5302,Sumba Timur,14085,162266,20612,398,18,13,29902,0,438,227732
5303,Kupang,7824,254504,41793,219,1,0,34,3,170,304548
5304,Timor Tengah Selatan,9293,388711,42305,185,7,1,398,1,254,441155
5305,Timor Tengah Utara,4203,18469,206532,162,6,1,1,8,421,229803
5306,Belu,9716,25055,316480,425,37,19,11,0,554,352297
5307,Alor,45105,138327,6309,116,3,2,48,49,67,190026
5308,Lembata,32356,1937,83045,64,9,0,16,0,402,117829
5309,Flores Timur,48253,2297,181220,140,9,5,16,0,665,232605
5310,Sikka,29544,4926,264380,270,68,18,7,84,1031,300328
5311,Ende,67166,6225,185819,251,17,1,73,73,980,260605
5312,Ngada,8777,2625,130131,139,0,1,5,4,711,142393
5313,Manggarai,11678,2542,276884,274,12,4,37,3,1017,292451
5314,Rote Ndao,5141,112501,2033,75,3,2,18,0,135,119908
5315,Manggarai Barat,42640,1644,177091,224,9,3,19,0,73,221703
5316,Sumba Tengah,2356,45143,10106,42,0,0,4817,1,20,62485
5317,Sumba Barat Daya,4502,119522,146415,103,14,8,14131,1,207,284903
5318,Nagekeo,11345,975,117547,46,0,2,2,1,202,130120
5319,Manggarai Timur,17123,1047,234167,80,1,1,18,12,295,252744
5320,Sabu Raijua,630,60916,1402,7,0,0,10005,0,0,72960
5371,Kota Kupang,47062,212791,72695,1816,101,7,37,7,1723,336239
6101,Sambas,435024,8833,13916,165,31958,5623,41,141,419,496120
6102,Bengkayang,78347,57072,66278,230,10969,2265,23,2,91,215277
6103,Landak,52615,96026,178894,71,1603,207,19,38,176,329649
6104,Pontianak,174514,15102,17731,43,23945,2258,18,16,394,234021
6105,Sanggau,135394,65105,200798,167,3168,479,120,18,3219,408468
6106,Ketapang,273010,31983,111909,505,4710,1032,2149,1,2161,427460
6107,Sintang,135192,85782,141121,132,1946,271,70,7,238,364759
6108,Kapuas Hulu,132180,18171,71189,55,258,231,73,3,0,222160
6109,Sekadau,69625,24625,85529,21,1051,629,151,0,3,181634
6110,Melawi,92795,40690,44033,25,970,127,3,0,2,178645
6111,Kayong Utara,91296,1144,521,412,1020,1183,11,2,5,95594
6112,Kubu Raya,414674,18400,27803,465,34027,3164,105,299,2033,500970
6171,Kota Pontianak,418318,27601,33779,378,66753,7263,85,140,447,554764
6172,Kota Singkawang,100334,9720,14867,39,55363,5005,39,4,1091,186462
6201,Kotawaringin Barat,216514,10326,3942,950,624,79,2889,0,479,235803
6202,Kotawaringin Timur,323217,21841,6352,361,1019,167,20645,78,495,374175
6203,Kapuas,269238,39253,902,4137,38,2,15868,0,208,329646
6204,Barito Selatan,87198,23295,8429,37,80,1,4893,0,195,124128
6205,Barito Utara,86673,14112,6026,97,19,13,14361,0,272,121573
6206,Sukamara,35486,3762,2047,68,115,54,3298,0,122,44952
6207,Lamandau,36657,15594,7052,304,14,16,3545,0,17,63199
6208,Seruyan,121616,7579,3906,2190,90,22,4517,0,11,139931
6209,Katingan,90064,25055,1898,27,2,3,29143,102,145,146439
6210,Pulang Pisau,93620,22629,865,300,11,3,2555,0,79,120062
6211,Gunung Mas,18469,60883,1251,19,23,4,16301,40,0,96990
6212,Barito Timur,49678,34333,7925,348,17,1,4810,0,260,97372
6213,Murung Raya,61393,15506,4657,14,5,16,14685,0,581,96857
6271,Kota Palangka Raya,153892,59185,3027,2297,244,33,909,0,1375,220962
6301,Tanah Laut,290060,3071,1011,1258,257,2,40,0,634,296333
6302,Kotabaru,267873,8860,2432,1344,2454,51,6509,0,619,290142
6303,Banjar,501015,1452,501,73,414,11,2273,2,1098,506839
6304,Barito Kuala,272226,968,230,1064,42,1,1,0,1615,276147
6305,Tapin,165364,1091,143,213,2,0,720,0,344,167877
6306,Hulu Sungai Selatan,208365,1069,9,21,14,0,2835,0,172,212485
6307,Hulu Sungai Tengah,234710,790,36,2699,26,2,3226,0,1971,243460
6308,Hulu Sungai Utara,208890,81,8,18,9,0,0,0,240,209246
6309,Tabalong,209129,5903,1656,1313,25,1,15,0,578,218620
6310,Tanah Bumbu,255153,3379,1806,5787,132,23,812,0,837,267929
6311,Balangan,106040,758,196,1489,3910,6,26,0,5,112430
6371,Kota Banjarmasin,597556,15095,6484,437,4262,122,3,0,1522,625481
6372,Kota Banjarbaru,189465,5457,1533,348,128,17,5,1,2673,199627
6401,Paser,215270,6683,4722,372,434,5,148,107,2575,230316
6402,Kutai Barat,70120,47529,46953,101,26,6,252,104,0,165091
6403,Kutai Kartanegara,577072,36007,8561,2381,153,35,154,216,2101,626680
6404,Kutai Timur,213892,26861,12883,1826,82,15,21,0,57,255637
6405,Berau,151822,16817,9112,123,578,45,31,1,550,179079
6406,Malinau,19679,36161,5553,30,201,1,0,33,922,62580
6407,Bulungan,79726,25316,6788,71,557,0,2,12,191,112663
6408,Nunukan,102161,27421,10418,78,184,27,5,110,437,140841
6409,Penajam Paser Utara,135624,5793,1203,74,21,3,0,204,0,142922
6410,Tana Tidung,11516,2267,1385,2,19,1,12,0,0,15202
6471,Kota Balikpapan,501599,37820,8187,1313,4875,196,178,409,3002,557579
6472,Kota Samarinda,661544,38180,15426,859,6228,595,39,355,4274,727500
6473,Kota Tarakan,165396,18193,5222,107,2918,146,6,299,1083,193370
6474,Kota Bontang,128284,12332,2216,320,80,5,1,101,344,143683
7101,Bolaang Mongondow,129531,70492,2168,11276,11,6,0,0,0,213484
7102,Minahasa,20358,263860,24941,217,66,4,10,1,927,310384
7103,Kepulauan Sangihe,25489,98456,1105,15,3,2,899,6,125,126100
7104,Kepulauan Talaud,2606,78157,2370,6,0,1,269,0,25,83434
7105,Minahasa Selatan,17727,171757,5782,26,36,42,4,1,178,195553
7106,Minahasa Utara,35102,140919,12633,135,59,17,30,6,3,188904
7107,Bolaang Mongondow Utara,62214,8385,74,15,2,3,0,0,0,70693
7108,Siau Tagulandang Biaro,2027,61387,343,7,6,2,0,1,28,63801
7109,Minahasa Tenggara,17854,81769,812,2,3,2,0,1,0,100443
7110,Bolaang Mongondow Selatan,53101,3804,29,59,3,0,5,0,0,57001
7111,Bolaang Mongondow Timur,46543,15886,1208,12,5,0,0,0,0,63654
7171,Kota Manado,128483,254912,20603,692,2244,412,87,40,3008,410481
7172,Kota Bitung,66654,113234,5824,199,362,13,31,27,1308,187652
7173,Kota Tomohon,3536,66164,20925,41,112,1,28,0,746,91553
7174,Kota Kotamobagu,90474,14959,1163,431,164,6,0,0,262,107459
7201,Banggai Kepulauan,120006,44829,6469,68,3,8,5,12,227,171627
7202,Banggai,246492,48344,4255,22534,381,23,137,33,1427,323626
7203,Morowali,149955,43781,1815,6556,126,18,1536,116,2419,206322
7204,Poso,77158,117430,1651,11816,12,2,15,4,1140,209228
7205,Donggala,246960,21042,333,8616,156,25,0,0,488,277620
7206,Toli-Toli,195239,10563,622,3033,1267,18,5,113,436,211296
7207,Buol,124686,3446,1443,2370,252,8,3,29,93,132330
7208,Parigi Moutong,333533,37565,1931,39963,110,3,11,51,421,413588
7209,Tojo Una-Una,125194,8775,165,660,61,6,844,0,2105,137810
7210,Sigi,140610,73131,391,207,99,0,7,88,497,215030
7271,Kota Palu,288126,38569,2563,3756,1484,30,12,192,1800,336532
7301,Kepulauan Selayar,120817,727,73,136,33,9,0,41,219,122055
7302,Bulukumba,393636,444,151,17,171,6,2,0,133,394560
7303,Bantaeng,175757,538,196,8,102,5,0,3,90,176699
7304,Jeneponto,342244,226,14,5,0,0,0,0,211,342700
7305,Takalar,268995,196,41,15,46,2,0,1,307,269603
7306,Gowa,643300,5362,3121,104,437,31,5,60,521,652941
7307,Sinjai,228603,145,42,12,16,0,2,5,54,228879
7308,Maros,312458,4784,568,67,60,0,0,0,1065,319002
7309,Pangkajene Dan Kepulauan,303600,1400,128,24,50,1,0,55,479,305737
7310,Barru,165448,381,63,21,0,14,3,17,36,165983
7311,Bone,712862,1840,237,28,539,4,24,6,2142,717682
7312,Soppeng,222559,753,84,10,8,0,1,60,351,223826
7313,Wajo,381618,1160,80,23,72,5,1470,133,548,385109
7314,Sidenreng Rappang,246192,848,94,24603,14,0,0,17,143,271911
7315,Pinrang,340341,5220,3531,27,175,1,1633,0,190,351118
7316,Enrekang,188348,1237,61,8,11,2,1,0,580,190248
7317,Luwu,286347,42264,3422,83,22,0,13,40,291,332482
7318,Tana Toraja,26624,154545,32021,6713,37,1,1042,0,98,221081
7322,Luwu Utara,235203,39594,3983,8440,12,0,8,0,232,287472
7325,Luwu Timur,183278,39567,5229,14850,50,5,17,72,1,243069
7326,Toraja Utara,9975,177097,29471,69,1,3,143,1,2,216762
7371,Kota Makassar,1167188,109423,37824,1926,16961,261,315,216,4549,1338663
7372,Kota Pare-Pare,120498,5377,1672,721,726,14,4,1,249,129262
7373,Kota Palopo,125047,19623,2149,483,324,3,48,0,255,147932
7401,Buton,251954,313,1792,1338,0,0,0,315,0,255712
7402,Muna,260472,1374,2842,3256,112,0,4,52,165,268277
7403,Konawe,227036,4705,1035,8668,49,0,0,261,228,241982
7404,Kolaka,289397,13586,1865,10022,72,7,0,22,261,315232
7405,Konawe Selatan,244560,4381,579,13589,131,0,0,122,1225,264587
7406,Bombana,135851,1358,65,1603,6,0,2,21,329,139235
7407,Wakatobi,92862,35,5,0,0,0,0,3,90,92995
7408,Kolaka Utara,119759,1267,98,9,8,2,1,170,26,121340
7409,Buton Utara,53512,89,128,972,0,1,0,34,0,54736
7410,Konawe Utara,48635,508,385,1891,1,0,0,75,38,51533
7471,Kota Kendari,270853,12039,3630,1770,538,23,1,315,797,289966
7472,Kota Bau-Bau,131235,1476,456,2323,61,15,0,81,1344,136991
7501,Boalemo,124959,1850,114,2188,8,2,0,0,132,129253
7502,Gorontalo,353908,1839,81,65,56,1,5,33,0,355988
7503,Pohuwato,122414,5000,103,1136,26,0,1,68,0,128748
7504,Bone Bolango,141563,323,11,4,8,0,1,5,0,141915
7505,Gorontalo Utara,100230,3664,27,19,7,1,7,54,124,104133
7571,Kota Gorontalo,174322,3883,425,200,829,7,4,45,412,180127
7601,Majene,150527,240,69,12,19,13,0,103,124,151107
7602,Polewali Mandar,388285,5935,1059,144,58,7,1,12,619,396120
7603,Mamasa,23078,104480,4244,1703,0,0,6489,7,81,140082
7604,Mamuju,280487,44332,4086,7328,240,15,45,239,201,336973
7605,Mamuju Utara,115358,9680,2413,6855,9,0,0,22,32,134369
8101,Maluku Tenggara Barat,5752,64431,34818,78,9,1,4,0,248,105341
8102,Maluku Tenggara,27903,25435,42604,348,1,9,0,0,142,96442
8103,Maluku Tengah,223715,131624,2950,1046,27,41,1308,0,987,361698
8104,Buru,92012,8658,894,2399,33,37,4006,0,406,108445
8105,Kepulauan Aru,25213,50352,7840,44,24,19,12,0,634,84138
8106,Seram Bagian Barat,99310,63890,1085,31,15,1,0,0,324,164656
8107,Seram Bagian Timur,94122,2615,1473,405,19,2,31,0,398,99065
8108,Maluku Barat Daya,1146,69080,417,4,5,0,23,0,39,70714
8109,Buru Selatan,35029,15712,242,830,0,0,848,0,1010,53671
8171,Kota Ambon,128417,192105,7943,435,120,7,44,0,2183,331254
8172,Kota Tual,43511,10939,3363,49,6,0,2,0,212,58082
8201,Halmahera Barat,40902,58525,876,26,7,14,39,0,35,100424
8202,Halmahera Tengah,34359,7907,141,3,0,0,11,0,394,42815
8203,Kepulauan Sula,120358,9903,1791,61,3,1,32,0,375,132524
8204,Halmahera Selatan,170641,27559,246,14,8,4,18,0,421,198911
8205,Halmahera Utara,63927,96030,1386,22,15,8,13,4,442,161847
8206,Halmahera Timur,46583,26036,310,22,11,4,0,0,143,73109
8207,Pulau Morotai,30823,21715,57,5,2,2,1,0,92,52697
8271,Kota Ternate,178678,5744,452,45,41,161,5,83,496,185705
8272,Kota Tidore Kepulauan,84839,5052,119,2,3,18,3,0,19,90055
9101,Fakfak,40517,14891,10795,33,18,6,0,0,568,66828
9102,Kaimana,19397,22160,3956,30,9,1,0,38,658,46249
9103,Teluk Wondama,4779,21154,299,37,2,0,0,12,38,26321
9104,Teluk Bintuni,23808,19331,8180,27,57,5,0,0,1014,52422
9105,Manokwari,57747,121933,7160,296,98,2,0,262,228,187726
9106,Sorong Selatan,8211,29225,256,13,0,0,0,0,195,37900
9107,Sorong,38996,28473,2744,208,22,11,0,0,165,70619
9108,Raja Ampat,13530,28624,322,27,4,0,0,0,0,42507
9109,Tambrauw,201,4866,1024,0,0,0,0,0,53,6144
9110,Maybrat,224,26504,6262,0,0,0,0,0,91,33081
9171,Kota Sorong,84616,91680,12465,188,391,0,0,29,1256,190625
9401,Merauke,91209,30399,72609,400,178,13,58,0,850,195716
9402,Jayawijaya,10590,118919,66077,84,3,1,0,0,411,196085
9403,Jayapura,29188,76610,4675,330,116,9,0,0,1015,111943
9404,Nabire,50700,65044,12956,268,139,5,13,0,768,129893
9408,Kepulauan Yapen,12160,69149,647,27,8,1,11,0,948,82951
9409,Biak Numfor,20377,103042,2615,131,215,7,89,0,322,126798
9410,Paniai,2553,112098,36373,28,6,11,0,0,2363,153432
9411,Puncak Jaya,1052,99873,214,3,6,0,0,0,0,101148
9412,Mimika,59368,71416,37413,233,97,0,0,0,13474,182001
9413,Boven Digoel,11073,15715,28590,29,35,0,0,0,342,55784
9414,Mappi,6220,16636,58477,35,16,11,0,0,263,81658
9415,Asmat,4051,29814,42657,13,3,3,0,21,15,76577
9416,Yahukimo,1599,160350,2553,8,2,0,0,0,0,164512
9417,Pegunungan Bintang,761,45478,19194,1,0,0,0,0,0,65434
9418,Tolikara,475,113763,78,0,0,0,0,0,111,114427
9419,Sarmi,7507,24529,521,18,10,0,0,0,386,32971
9420,Keerom,22326,12967,11996,274,7,0,1,0,965,48536
9426,Waropen,3363,21008,267,0,1,0,0,0,0,24639
9427,Supiori,201,15640,11,3,0,0,0,0,19,15874
9428,Mamberamo Raya,480,17855,29,0,0,1,0,0,0,18365
9429,Nduga,0,79053,0,0,0,0,0,0,0,79053
9430,Lanny Jaya,127,148282,113,0,0,0,0,0,0,148522
9431,Mamberamo Tengah,68,38797,672,0,0,0,0,0,0,39537
9432,Yalimo,64,50663,35,1,0,0,0,0,0,50763
9433,Puncak,293,92758,165,1,1,0,0,0,0,93218
9434,Dogiyai,642,32026,51550,7,1,2,2,0,0,84230
9435,Intan Jaya,61,26956,13473,0,0,0,0,0,0,40490
9436,Deiyai,455,38478,23162,0,0,0,0,0,24,62119
9471,Kota Jayapura,113133,127927,13423,526,608,12,0,0,1076,256705
