kode_bps_2010,name_kab,Islam,Kristen,Katolik,Hindu,Budha,Khong Hu Chu,Lainnya,Tidak Terjawab,Tidak Ditanyakan
1101,Simeulue,99.69011081637207,0.2119642016015073,0.006197783672558694,0.0,0.030988918362793466,0.0,0.0,0.0012395567345117387,0.059498723256563454
1102,Aceh Singkil,88.29273527202488,10.452740734959857,0.7277409788408823,0.0019510482006457968,0.0009755241003228984,0.0,0.25656283838492233,0.0,0.2672936034884742
1103,Aceh Selatan,99.22620901750795,0.039060375474039684,0.00642765672357615,0.0,0.05784891051218535,0.0,0.0,0.0,0.6704540397822508
1104,Aceh Tenggara,81.14909781576448,17.992849561477012,0.7122507122507122,0.0016758840288252053,0.0011172560192168036,0.0,0.0,0.0,0.14300877045975086
1105,Aceh Timur,99.90817671128373,0.008322352451626326,0.002496705735487898,0.0,0.011928705180664401,0.00027741174838754424,0.0,0.0,0.06879811360011097
1106,Aceh Tengah,99.50548918400018,0.1862961253824198,0.0501347371059723,0.0005697129216587761,0.1287551202948834,0.0005697129216587761,0.0,0.0,0.12818540737322462
1107,Aceh Barat,98.3538644142016,0.20627110245566324,0.023623226817548023,0.0017285287915279042,0.36529575127623043,0.0040332338468984435,0.0,0.0,1.0451837426105395
1108,Aceh Besar,98.32592525141001,0.19378631714937766,0.038700351148774396,0.005691228110113881,0.043822456447876884,0.0017073684330341644,0.0002845614055056941,0.0,1.3900824658953155
1109,Pidie,99.56344893803349,0.020838389060637074,0.002373993690452325,0.000263777076716925,0.030334363822446374,0.0,0.0,0.0,0.3827405383162582
1110,Bireuen,99.50961755820883,0.04392634758841783,0.001798154579642835,0.0028256714822958834,0.08322886911489694,0.001798154579642835,0.0,0.0,0.35680524444627115
1111,Aceh Utara,99.89580010231222,0.032279316131541044,0.0024539830977194947,0.0016989113753442656,0.018499257198193113,0.0,0.0,0.0,0.0492684298849837
1112,Aceh Barat Daya,99.73975689485543,0.019042178425211845,0.0031736964042019737,0.0,0.1459900345932908,0.0,0.0,0.0,0.09203719572185724
1113,Gayo Lues,99.71216691804928,0.18476621417797887,0.0012569130216189038,0.0012569130216189038,0.0012569130216189038,0.0,0.0,0.0,0.09929612870789341
1114,Aceh Tamiang,98.98378017894996,0.24929142485133815,0.028184221599434726,0.0003969608675976722,0.5021554975110554,0.002778726073183705,0.0,0.0,0.23341299014743128
1115,Nagan Raya,99.43148865483342,0.1747062572048431,0.002864037003358083,0.0,0.03150440703693892,0.0,0.0,0.0,0.3594366439214395
1116,Aceh Jaya,98.33164022817847,0.08335286916204318,0.0039071657419707745,0.006511942903284624,0.0013023885806569247,0.0,0.0,0.0,1.5732854054335652
1117,Bener Meriah,99.54611251502735,0.06706085363559787,0.00981378345886798,0.005724707017672988,0.03434824210603793,0.0008178152882389984,0.0,0.0,0.3361220834662283
1118,Pidie Jaya,99.32759709979241,0.01052979933210987,0.0007521285237221336,0.0,0.0007521285237221336,0.0007521285237221336,0.0,0.0,0.6596167153043112
1171,Kota Banda Aceh,97.0887820771014,0.7030781486354645,0.19288776706676333,0.022376771121434262,1.134502295856717,0.0013426062672860558,0.004922889646715538,0.0,0.8521074443042167
1172,Kota Sabang,97.50758490196718,0.9232375297687013,0.17290314161745995,0.0032623234267445274,0.7699083287117086,0.0,0.006524646853489055,0.0,0.6165791276547157
1173,Kota Langsa,98.27587364463393,0.3571788243982678,0.008056665211991004,0.008728053979656921,0.30548188928799225,0.0,0.0,0.0,1.0446809224881668
1174,Kota Lhokseumawe,99.10494674666838,0.3149045062309027,0.04381788120096049,0.004089668912089645,0.3254207977191332,0.0,0.0,0.0,0.20682039926853352
1175,Kota Subulussalam,97.71669187201613,1.7643744625329896,0.45369629036562586,0.0014826676155739408,0.0029653352311478816,0.0029653352311478816,0.0,0.0,0.057824037007383686
1201,Nias,1.1691544182010551,86.23503352946102,12.566887659179308,0.0,0.0,0.0030446729640652473,0.02055154250744042,0.004567009446097872,0.0007611682410163118
1202,Mandailing Natal,95.51198310881725,3.074985491856919,0.11211399078887258,0.002469471162750497,0.0039511538604007955,0.0,0.0,0.0,1.2944967835138104
1203,Tapanuli Selatan,78.60508310748062,19.610332998502738,0.9643121126547012,0.0011371605102060156,0.005685802551030078,0.0,0.01667835414968823,0.0,0.7967704641510149
1204,Tapanuli Tengah,42.71154637055316,45.30800174789225,11.613844334772775,0.005783466995681678,0.06683117417232161,0.0009639111659469463,0.11117108780588113,0.002570429775858523,0.17928747686613203
1205,Tapanuli Utara,4.7629960932044675,90.23623400666769,4.58896285500453,0.0007161861654318423,0.04977493849751305,0.001790465413579606,0.008952327067898029,0.0025066515790114485,0.34806647639987537
1206,Toba Samosir,6.202311571140594,85.42416348503139,6.5985479035863435,0.02137134737681151,0.04274269475362302,0.002888019915785339,1.0477736254469212,0.0,0.6602013527485285
1207,Labuhan Batu,82.92356242923562,13.95316903953169,1.1589699115896992,0.012767700127677,1.598853315988533,0.0021681000216810004,0.007467900074679,0.0,0.343041603430416
1208,Asahan,88.94073072042522,9.152111714990303,0.67532382024086,0.016310723777144636,1.0247324442741879,0.0016460363444824862,0.024241626164196613,0.0,0.16490291378360905
1209,Simalungun,57.27241598591205,36.968889106295556,5.1523748960524385,0.01565327985129384,0.24030230396712812,0.0015897862348970308,0.05747688695396957,0.010272464902411583,0.2810252898302597
1210,Dairi,15.664332556942526,72.79756196005968,11.285192165982233,0.007405953646136129,0.10072096958745136,0.0022217860938408386,0.013330716563045032,0.0,0.12923389112507544
1211,Karo,26.15568725780716,58.206918167312516,14.724754957829953,0.03704125826304992,0.43252792341007523,0.0011397310234784591,0.02877820834283109,0.0,0.4131524960109414
1212,Deli Serdang,78.22289716833545,16.817514888873124,2.479179594187098,0.16694304332308812,2.031912986314468,0.00536183745701454,0.018933988520082594,0.010891232334560784,0.24636526065511602
1213,Langkat,90.58121928405691,7.751760918209677,0.4131116703788493,0.0422723725756691,0.7933563126915306,0.002067108683406802,0.028009322660162168,0.0,0.38820301074379737
1214,Nias Selatan,2.5522249989644745,77.26503928093115,20.062614770734672,0.0020710508512019,0.010700429397876483,0.0006903502837339666,0.032101288193629444,0.030720587626161516,0.04383724301710688
1215,Humbang Hasundutan,3.0090300029129042,83.11214681036994,13.638217302650743,0.0,0.0011651616661811828,0.0,0.05243227497815321,0.0011651616661811828,0.18584328575589862
1216,Pakpak Bharat,39.89877792865079,56.94358721145537,3.019380323416862,0.0,0.0,0.0,0.0,0.0,0.13825453647697813
1217,Samosir,1.5745530826640368,58.458208319055935,39.76080833744244,0.006686000351015018,0.004178750219384387,0.0008357500438768773,0.1437490075468229,0.0,0.05098075267648952
1218,Serdang Bedagai,83.7599662170688,13.375550781230283,1.3962377793442948,0.03482602968119882,1.2221076309383008,0.00723439263908961,0.009589776289025763,0.11305841519693531,0.08142897761207842
1219,Batu Bara,87.81302792077365,10.044827540338137,1.5204118280857177,0.006650970376577942,0.2926426965694295,0.01064155260252471,0.07129840243691556,0.0010641552602524708,0.23943493355680595
1220,Padang Lawas Utara,89.67838912723515,9.322196921232402,0.3722078816808407,0.0013420957272145698,0.005368382908858279,0.0,0.0035789219392388526,0.0,0.6169166692762972
1221,Padang Lawas,94.97866899879695,4.784270550788204,0.16825076911466355,0.0,0.002219667138715878,0.0,0.0008878668554863512,0.0,0.06570214730598999
1222,Labuhan Batu Selatan,85.95794333622642,13.278208540261385,0.4746590413904125,0.005762173491841122,0.22400449449532364,0.005402037648601052,0.0,0.0,0.05402037648601052
1223,Labuhan Batu Utara,82.22503107036265,15.872948675691939,1.2131804863003135,0.009071638731059173,0.5446007118212524,0.0027214916193177524,0.003023879577019725,0.0,0.1294220458964442
1224,Nias Utara,5.4179371915375185,78.21901229134576,16.249096224576405,0.0015717833453836724,0.0007858916726918362,0.0,0.11002483417685706,0.0007858916726918362,0.0007858916726918362
1225,Nias Barat,1.9814930262691457,78.74265038444143,19.240407300108792,0.002444778564181549,0.014668671385089297,0.0012223892820907745,0.01344628210299852,0.0012223892820907745,0.002444778564181549
1271,Kota Sibolga,57.24127318568672,35.190161101312725,4.428214628141239,0.0023673962192682376,2.9734496514009066,0.016571773534877664,0.01065328298670707,0.0,0.1373089807175578
1272,Kota Tanjung Balai,85.03933439088348,7.995079154391531,0.7562562724594516,0.01748195150377157,5.685519116837709,0.01748195150377157,0.0019424390559746188,0.0,0.48690472336430446
1273,Kota Pematang Siantar,43.89854195604564,46.54321724087977,4.714569361477302,0.11291106017094307,4.357088684181373,0.0115041457532659,0.06945095399193857,0.034086357787454516,0.25863023971231114
1274,Kota Tebing Tinggi,78.03480942938972,12.866958581185283,0.9136098259528531,0.1493996474994492,7.100269883234192,0.04819343467724168,0.0034423881912315486,0.002753910552985239,0.8805628993170302
1275,Kota Medan,67.80273740113748,20.273215707400325,1.7902279260682397,0.44317103751412323,8.810360362507806,0.017639122620506195,0.016161250184734053,0.023407592450455518,0.8230796001163228
1276,Kota Binjai,85.07925932546291,7.879620075237454,0.814124491172193,0.25593734003916246,5.440090349943532,0.07393745378909138,0.006499995937502539,0.0,0.4505309684181448
1277,Kota Padangsidimpuan,89.95410664592156,8.940067143177867,0.45841143209193286,0.0,0.34981282403370734,0.0026105434629381144,0.0,0.031848630247845,0.26314278106416195
1278,Kota Gunungsitoli,13.590117430785567,78.82838623793602,7.220170837229204,0.0,0.19413321500451658,0.00158476093881238,0.028525696898622846,0.04358092581734045,0.09350089538993042
1301,Kepulauan Mentawai,19.55679834061938,48.995050739763435,30.940096884722934,0.003938403371273286,0.0,0.007876806742546571,0.4726084045527943,0.017066414608850906,0.00656400561878881
1302,Pesisir Selatan,99.7679652227394,0.11858002171249121,0.029353797123327884,0.0018637331506874846,0.0025626330821952913,0.0,0.00046593328767187116,0.05917352753432763,0.02003513136989046
1303,Solok,99.70163469758955,0.13282993751542033,0.008319801701829782,0.0008606691415685981,0.002008227996993396,0.0005737794277123988,0.0014344485692809972,0.07258309760561844,0.07975534045202344
1304,Sijunjung,99.3707357436962,0.38350435777884584,0.09909673327618755,0.003963869331047502,0.006441287662952191,0.0009909673327618755,0.004954836663809377,0.01337805899228532,0.1169341452659013
1305,Tanah Datar,99.36749248140292,0.11167110790737797,0.03751912884718784,0.0008862786341855395,0.004431393170927697,0.0008862786341855395,0.0002954262113951798,0.002954262113951798,0.47386364307786843
1306,Padang Pariaman,99.49725870463566,0.2940755288245162,0.05549077369993045,0.0025571785115175317,0.0005114357023035064,0.0002557178511517532,0.0,0.09717278343766622,0.05267787733726116
1307,Agam,99.14873596524592,0.6391075798114996,0.06617522584219518,0.004177173724258167,0.0024183637350968334,0.00021985124864516668,0.001319107491871,0.021545422367226334,0.11630131053329316
1308,Lima Puluh Kota,99.70851085194589,0.1288175467286368,0.06283083014158454,0.0005737975355395848,0.004016582748777094,0.0008606963033093774,0.0002868987677697924,0.0642653239804335,0.029837471848058413
1309,Pasaman,99.50888080884647,0.41097675079648954,0.025661372528118943,0.0003947903465864452,0.0007895806931728904,0.0003947903465864452,0.0,0.034741550499607185,0.01816035594297648
1310,Solok Selatan,99.41918894379718,0.3867453095002114,0.05752663205827517,0.002772367810037358,0.010396379287640091,0.0006930919525093395,0.0006930919525093395,0.015941114907714805,0.10604306873392892
1311,Dharmas Raya,98.57330923300353,0.6723365130444777,0.1321687162395127,0.0020896239721662087,0.004701653937373969,0.0015672179791246567,0.0,0.012537743832997253,0.6012892979908265
1312,Pasaman Barat,97.68164128294383,1.617510523677933,0.6373090058582036,0.00027387580827597916,0.011502783947591124,0.0008216274248279375,0.006846895206899479,0.01698030011311071,0.027113705019321938
1371,Kota Padang,96.41826282867981,1.5708489590456378,1.2823281291613582,0.01739522674977986,0.345025325050806,0.004318814917186724,0.008757596915406413,0.055664725599295556,0.2973983938807191
1372,Kota Solok,98.69519832985387,0.5926325005050845,0.291265405077783,0.0016836150582530808,0.0033672301165061616,0.0016836150582530808,0.0,0.0016836150582530808,0.41248568927200485
1373,Kota Sawah Lunto,99.37044982942356,0.39742552667674885,0.17409348292477053,0.0,0.003517040059086273,0.003517040059086273,0.003517040059086273,0.0,0.047480040797664685
1374,Kota Padang Panjang,95.89006126616746,0.5701157249829816,0.6488257317903335,0.008509189925119127,0.09572838665759019,0.0,0.008509189925119127,0.0,2.7782505105513953
1375,Kota Bukittinggi,97.35428345551243,1.424823918355613,0.9352091418714964,0.008983757366681042,0.17698002012361652,0.0026951272100043124,0.0026951272100043124,0.0,0.09432945235015093
1376,Kota Payakumbuh,98.55938369355874,0.6111705542478065,0.4331264712176332,0.005135887010485769,0.1318210999358014,0.0017119623368285898,0.0,0.006847849347314359,0.2508024823453884
1377,Kota Pariaman,99.26495704869501,0.3415862252191845,0.1265134167478461,0.002530268334956922,0.002530268334956922,0.0,0.0,0.001265134167478461,0.26061763850056296
1401,Kuantan Singingi,96.01596625997891,3.2911583069739416,0.2786564241602651,0.007873584466444837,0.12940064905722384,0.003765627353517096,0.0020539785564638703,0.0,0.27112516945323095
1402,Indragiri Hulu,92.55782215594235,5.434979996808294,1.0579404691807772,0.0038520589254956777,0.29110559594103047,0.015133088635875874,0.3524633916828545,0.0002751470661068341,0.2864280958172143
1403,Indragiri Hilir,98.19395901048537,0.9246289169042838,0.09111803185051204,0.0113330885386209,0.6488570957978419,0.03263929499122819,0.001208862777452896,0.003475480485177076,0.09278021816950976
1404,Pelalawan,83.97635747393392,13.955915435561195,0.9763806658737231,0.028492954620000066,0.8677098622067461,0.004307074535581406,0.0,0.0,0.19083653326883765
1405,Siak,82.76751729300157,14.399774912274182,1.3298225310690075,0.05998800239952009,0.9558265338082825,0.016722319252963566,0.07113621523482914,0.0,0.3992121929596382
1406,Kampar,90.15713364060657,8.95272332041081,0.7407687255523072,0.007846510627662728,0.06538758856385607,0.0034873380567389902,0.0008718345141847476,0.01264160045567884,0.05913944121219871
1407,Rokan Hulu,84.26469380405734,14.605880259369938,0.9898008394353502,0.003369534772545873,0.048647658278631045,0.0014741714629888194,0.004843706235534692,0.0,0.08129002638766919
1408,Bengkalis,82.58865504398639,11.296595068387594,0.9278880113016117,0.017056764913632567,4.873418737558595,0.0724410839273101,0.008227380723046298,0.0,0.21571790920182368
1409,Rokan Hilir,86.85667081212401,9.344632114761685,0.6064538986580287,0.01572622628412772,2.7285906409069876,0.1729884891254049,0.001988373438223045,0.0010845673299398426,0.2718648773715872
1410,Kepulauan Meranti,84.45629360712462,1.3330308015202224,0.09189403823245788,0.04140904191956435,13.09376595382608,0.7464972488513245,0.1786828521186681,0.0,0.05842645640705656
1471,Kota Pekanbaru,84.8827145573406,9.60160041525251,1.255336852434986,0.03118849322819841,3.465041597652843,0.034530117502648235,0.014368984380134267,0.044554990325997725,0.6706639918820808
1473,Kota Dumai,85.61285721602975,10.057800735215896,0.6914811881656245,0.02245836337631943,3.2028778225631687,0.1662706902597684,0.0,0.0,0.24625398438946744
1501,Kerinci,99.76731519205212,0.18431774112725766,0.047931327479901524,0.0,0.0,0.0,0.0,0.0004357393407263775,0.0
1502,Merangin,97.95021698288747,1.4876682892865074,0.15095766582834644,0.009003439313817878,0.024009171503514344,0.0039014903693210807,0.009603668601405737,0.0036013757255271514,0.36103791648409694
1503,Sarolangun,96.68947592844525,2.261568762817519,0.2818331336676887,0.005685394627302077,0.09056021442059736,0.006497593859773803,0.05198075087819042,0.002030498081179313,0.6103677232025015
1504,Batang Hari,97.90829307101362,1.6893599741437177,0.16284485401974028,0.007872906428435281,0.09157433266758931,0.014502722368170254,0.0,0.0004143634962334358,0.1251377758624976
1505,Muaro Jambi,95.13722036903124,3.4841610487765053,0.3259931418974084,0.04373789918122653,0.2904196505633441,0.05365182299563787,0.0005831719890830204,0.007289649863537755,0.6569432457020224
1506,Tanjung Jabung Timur,98.4026072723021,0.9679839432557777,0.13250711251412758,0.0019486340075607,0.12081530846876339,0.013153279551034725,0.0019486340075607,0.0,0.359035815893059
1507,Tanjung Jabung Barat,94.2652856953229,4.173767045393394,0.3652135853713663,0.013991483133087703,0.5499729139236783,0.05201961677686454,0.0003587559777714796,0.022601626599603217,0.5567892775013363
1508,Tebo,97.28382622130418,1.9235225955967556,0.32612894016491173,0.03358691453809596,0.033251045392715,0.0070532520530001514,0.043327119754143786,0.0033586914538095954,0.34594521974238834
1509,Bungo,97.00529467069128,1.6101736849918353,0.34407112342685603,0.0056080624144358125,0.3698022333283851,0.00032988602437857717,0.0,0.008906922658221584,0.6558134164646114
1571,Kota Jambi,87.28530413250178,5.757750673583313,1.3172713718161084,0.039108256542642106,4.7725234414513675,0.19723346689053634,0.0013161432490312245,0.031023376584307438,0.5984691373809126
1572,Kota Sungai Penuh,99.05702793676254,0.5881423693388259,0.1482507625192908,0.001215170184584351,0.13366872030427862,0.0,0.0,0.004860680738337404,0.06683436015213931
1601,Ogan Komering Ulu,96.95628693545649,0.703914579765156,0.9909117560832601,0.6492925365304202,0.25366847197148545,0.0015429955716027095,0.0018515946859232514,0.019133145087873598,0.42339798484778346
1602,Ogan Komering Ilir,97.46389762653703,0.6824530916609841,0.41051670662765893,1.3764545434548294,0.05499219110886254,0.0015122852554937199,0.000412441433316469,0.008523789621873694,0.0012373242999494073
1603,Muara Enim,98.8040620866333,0.6138059597363383,0.1686954774542471,0.18250925104231203,0.1188821726972858,0.0006976653327305505,0.002790661330922202,0.012697509055696018,0.09585921671717763
1604,Lahat,98.91154513560413,0.46462724407661077,0.2456929405850141,0.007297810116386557,0.1491996734905696,0.0043246282171179595,0.0,0.007568099379956429,0.20974446853022102
1605,Musi Rawas,98.12067561293073,0.8755337692290126,0.5063671723361015,0.3902890155811139,0.04053220883411861,0.0013320444217785456,0.0013320444217785456,0.0015223364820326237,0.06241579576333757
1606,Musi Banyuasin,98.55625888312215,0.7334475597462321,0.13340267660270225,0.40875720000427457,0.019769956078638115,0.0030278311111427746,0.0005343231372604896,0.042211527843578685,0.10259004235401402
1607,Banyu Asin,97.8024556398395,0.9814560531122103,0.21423524549732706,0.4840623375238298,0.30315553718787913,0.004132727200010665,0.0006665689032275267,0.0067990028129207725,0.20303688792310462
1608,Ogan Komering Ulu Selatan,99.14957227379502,0.24495333324958862,0.04333789742108106,0.4044870425967566,0.03988342733679199,0.00031404273493537005,0.0012561709397414802,0.00094212820480611,0.1152536837212808
1609,Ogan Komering Ulu Timur,94.46655802958121,1.1567554452426465,1.6413599089809205,2.540238892295182,0.10197022207212672,0.000819696318907771,0.0021312104291602045,0.01475453374033988,0.07541206133951495
1610,Ogan Ilir,98.55317875370172,0.4187406800663684,0.04673093482872325,0.006563333543360007,0.1052758700354945,0.0013126667086720014,0.002100266733875202,0.0063008002016256065,0.8597966941801609
1611,Empat Lawang,99.78207400441278,0.10082468260570766,0.02260643107751293,0.031196874886967842,0.009042572431005171,0.0,0.0018085144862010345,0.002260643107751293,0.05018627699207871
1671,Kota Palembang,93.08052586299307,1.9737728168522433,1.1601859156013534,0.05442236704313385,3.4108806253624726,0.03662515357827063,0.003916761264467966,0.0853441664994599,0.1943263308055335
1672,Kota Prabumulih,97.56395693401817,0.9291041090478072,0.3049683919399447,0.032719280916633744,0.7982269853812722,0.007408139075464244,0.018520347688660607,0.011112208613196365,0.3339836033188463
1673,Kota Pagar Alam,99.22888548989151,0.2853044436167093,0.18861793772438007,0.007132611090417734,0.09272394417543053,0.0031700493735189925,0.0023775370301392443,0.0,0.19178798709789904
1674,Kota Lubuklinggau,96.02698352772866,1.265722176962664,0.5513938839986489,0.02334730860174459,1.0993105092693782,0.005464263715301925,0.0004967512468456296,0.003477258727919407,1.0238043197488425
1701,Bengkulu Selatan,98.55953546942773,1.0277039317196026,0.16020707989366167,0.012592696236183015,0.013292290471526516,0.0,0.0,0.10633832377221213,0.12033020847908213
1702,Rejang Lebong,97.73245754436012,0.873627865325159,0.47936074428555797,0.016613516919448755,0.2512287924404446,0.0008104154594853051,0.04133118843375056,0.035253072487610775,0.5693168602884269
1703,Bengkulu Utara,95.79819540118366,2.9739012321723104,0.36402444940331813,0.5906665373047444,0.04230134859804017,0.0007761715339089938,0.002328514601726982,0.029882604055496264,0.19792374114679345
1704,Kaur,99.57460217425556,0.2604287342792797,0.03336453535250558,0.12789738551793808,0.002780377946042132,0.0009267926486807107,0.0,0.0,0.0
1705,Seluma,97.77991666042293,1.3745843107194522,0.10662394024448581,0.6593393926469826,0.0017290368688294996,0.0,0.0017290368688294996,0.019019405557124495,0.057058216671373486
1706,Mukomuko,96.64019312629613,2.3652834937368783,0.4288841948469692,0.14702766559873648,0.026965772729899265,0.0,0.0006420422078547444,0.3845832825049919,0.006420422078547444
1707,Lebong,99.15536965176636,0.3568008869626568,0.07458549614473618,0.0,0.006047472660384014,0.0,0.0,0.405180668245729,0.0020158242201280046
1708,Kepahiang,98.80831297801626,0.4572938773875786,0.1409522284066792,0.1609738517599007,0.08809514275417452,0.00880951427541745,0.0,0.05525968045489129,0.2803027269451007
1709,Bengkulu Tengah,97.97728127891959,1.0383086044359473,0.3874589405387815,0.2572890077593483,0.17186498937284533,0.0,0.004067810399357286,0.004067810399357286,0.15966155817477345
1771,Kota Bengkulu,95.43144575814146,2.962300352623937,0.8083125907488072,0.058662621862684096,0.35392034847542003,0.008102572080481228,0.004537440365069488,0.037271831570213645,0.33544648413192285
1801,Lampung Barat,98.48366612017556,0.6565052728040722,0.1269577626796679,0.42001064345153294,0.04128513711199727,0.0,0.005966060276300183,0.18470922615425367,0.0808997773466305
1802,Tanggamus,98.82932392618143,0.290712301043769,0.4643942655135079,0.14386531820883952,0.07211901314355038,0.00484520501739615,0.002608956547828696,0.05776975213049255,0.13436126221317785
1803,Lampung Selatan,95.74395335839296,1.4059332157064734,0.613486175190961,1.6453878946618594,0.12230271016668677,0.003726068230884722,0.014137141228944976,0.02926059463665355,0.4218128417845675
1804,Lampung Timur,95.96075822869807,1.3920194527546685,0.620928734530636,1.7352168206641383,0.2349630479625152,0.00514901133728231,0.002311801008575731,0.013660642323402047,0.03499226072071447
1805,Lampung Tengah,93.43000913115638,1.3508815537828527,1.2569220400831285,3.4490829124374205,0.15528945082372597,0.0046125579452591875,0.004697975684986209,0.0,0.34850437808624973
1806,Lampung Utara,97.65813133154309,1.0542944528023523,0.6827241188682766,0.41350249967053293,0.11330242333687617,0.005648005997155458,0.00136921357506799,0.00821528145040794,0.06281267275624404
1807,Way Kanan,95.10960965027836,1.0501744545371723,0.7803054739573971,2.901584002875976,0.04924616433937502,0.0014773849301812504,0.029301467781928135,0.06377378281949066,0.014527618480115629
1808,Tulangbawang,94.31222449523254,1.9720738063763805,0.6845837961729655,2.6855589008459284,0.08971968253808689,0.00477499710987017,0.005277628384593346,0.18245515272451282,0.06333154061512015
1809,Pesawaran,97.67555560012838,0.907112483953787,0.5473262997432605,0.09000922657252888,0.3678092907573813,0.0020057766367137355,0.007521662387676509,0.0,0.40265965982028246
1810,Pringsewu,95.87485528328895,0.7868757338471517,2.0023592587220045,0.7009352189156716,0.16394384854763266,0.005747614055927022,0.05145483059591811,0.007937181315327791,0.40589103071141774
1811,Mesuji,95.37157096586574,1.3868211966468702,0.35110748264472513,2.530321706232958,0.10245081560453985,0.0016007939938209351,0.008003969969104676,0.248123069042245,0.0
1812,Tulangbawang Barat,95.19439026433247,2.6329540060708316,0.7853789483341111,1.20259904988692,0.12404918889380831,0.004387591890134699,0.002393231940073472,0.05304997467162864,0.0007977439800244908
1871,Kota Bandar Lampung,92.62940277908508,3.5546568897064077,1.593216610096836,0.35280068859073643,1.4760699976525316,0.036969792504204464,0.0036289366875292724,0.03368106863113106,0.3195732370455466
1872,Kota Metro,92.74082119460236,2.573021426951076,2.551023915419568,0.27496889414384995,1.0916265097510844,0.0041245334121577494,0.0,0.0027496889414384998,0.7616638367784644
1901,Bangka,84.7722255090114,2.1020620193070805,0.9260328133793164,0.008297138569429012,5.985483614955052,5.669110113851171,0.11074876264411768,0.04509314439907072,0.3809468838833494
1902,Belitung,91.71993716538968,1.4092905459558234,0.5597409675247651,0.43086589940050646,5.632032827878049,0.06283461032924054,0.0025646779726220628,0.021799762767287532,0.16093354278203445
1903,Bangka Barat,90.71139023693976,1.282329431915501,0.4162146731373109,0.011418783899514702,3.0682272337996004,3.3599771624322012,0.0011418783899514702,0.019411932629174993,1.1298886668569799
1904,Bangka Tengah,86.94085394596472,2.2911653062743444,2.480338402758826,0.01922742947875059,3.332547696429901,4.816160964596721,0.0,0.08497283350286551,0.03473342099387203
1905,Bangka Selatan,96.26553371047018,0.5900491514420848,0.41964202911991094,0.12113975702494667,1.077506259853473,1.2913845868496707,0.001738848186960957,0.22141333580636188,0.01159232124640638
1906,Belitung Timur,95.58719930868001,1.0388585705832074,0.21791608352197478,0.007514347707654302,2.9052346824718445,0.123986737176296,0.0056357607807407265,0.05541831434395048,0.058236194734320845
1971,Kota Pangkal Pinang,82.3103949461541,3.412719303265087,3.2124423488481213,0.04406092997173234,6.183980132526122,4.55887570239989,0.0005722198697627577,0.05207200814841094,0.22488240881676377
2101,Karimun,84.21394329157278,3.5420420491059037,1.074515080376927,0.01458404881422274,10.655764698133712,0.29591505497245496,0.010820423313778162,0.0028227191253334337,0.18959263458489561
2102,Bintan,86.67041461700632,5.308503162333099,2.0520028109627546,0.1510892480674631,4.907238229093465,0.399156711173577,0.0028109627547434997,0.07870695713281799,0.43007730147575546
2103,Natuna,96.51609350318103,1.2506702607133022,0.3724475747431271,0.010144486471602683,1.1158935118762954,0.33042041650363024,0.0,0.0,0.4043302465110213
2104,Lingga,90.85269699921153,1.7902694680209639,1.0412318538101202,0.003478502852372339,5.535457539075182,0.6783080562126061,0.0011595009507907798,0.0,0.09739807986642549
2105,Kepulauan Anambas,92.59843361578145,2.15979257437652,2.4939189008580365,0.013365053059260643,2.691721686135094,0.026730106118521287,0.0,0.0,0.016038063671112775
2171,Kota Batam,74.25004103633967,16.77374945064255,3.0439962511318086,0.113842748746406,5.446660700953632,0.10621793208618162,0.017155837485504907,0.046490201581090455,0.20184584103316267
2172,Kota Tanjung Pinang,79.59852475728414,5.810235964111678,1.182756099253305,0.1094156138749673,12.87047859990713,0.19534690086945383,0.004269877614632871,0.033625286215233856,0.19534690086945383
3101,Kepulauan Seribu,99.65373304240585,0.11384119153780477,0.014230148942225596,0.028460297884451192,0.0,0.0,0.0,0.0,0.1897353192296746
3171,Kodya Jakarta Selatan,91.94658990840992,4.745925773627797,2.160232214416225,0.2296540835366729,0.5804390582630858,0.02148157918216767,0.04538771583410596,0.07385202052921301,0.19643764620081544
3172,Kodya Jakarta Timur,89.69759782857246,7.0580675720220825,2.1281445163436152,0.16745264108191257,0.45703323365118775,0.022383937613033315,0.0119158274855451,0.029919492066508877,0.4274849511636678
3173,Kodya Jakarta Pusat,83.33194901730174,8.503465773616709,3.343953805927752,0.3855043284793676,3.2154892781954723,0.059580961999971205,0.06201735821558341,0.015061358423784543,1.0829781178396254
3174,Kodya Jakarta Barat,79.03836420246763,8.988472553019463,4.543536325371559,0.12235176570863891,7.024314784098652,0.10771512897988339,0.013015212899522118,0.026512470721248762,0.1357175567334007
3175,Kodya Jakarta Utara,79.67616620454177,9.376365334495178,4.103948630913209,0.29398557052220414,6.314734705063442,0.07850958187571058,0.017986715352329978,0.003828253605394556,0.13447500363076434
3201,Bogor,96.67371622227643,1.7376190607913105,0.5267887304345494,0.057901076545097456,0.35262447159766735,0.18365726921506845,0.012028670986929405,0.2104598305256655,0.24520466762728388
3202,Sukabumi,99.63406649585784,0.20893402220628687,0.060818080053506245,0.0020073383163727483,0.032330959691365325,0.008669993153695061,0.0008541865176054247,0.02349012923414918,0.028828794969183086
3203,Cianjur,99.15331087961438,0.44807650414663047,0.11615263063601625,0.007092587279122325,0.10095422932361127,0.003223903308691966,0.004651631916826979,0.11463279050477576,0.05190484326994065
3204,Bandung,97.66059480711759,1.4388353405947316,0.45958163850544104,0.02548337398613138,0.07437369889285751,0.004719143330765071,0.030548587827819225,0.21050525350766058,0.09535815623699287
3205,Garut,99.5981483461107,0.14583292604656756,0.035979886203731014,0.002079762208308151,0.01622214522480358,0.0010398811041540754,0.011272311169030179,0.11991908893104798,0.0695056530016584
3206,Tasikmalaya,99.69355632804691,0.028585495397377175,0.017425813478150597,0.00047741954734659164,0.001551613528876423,0.00017903233025497186,0.004475808256374296,0.14453876795918064,0.10920972145553283
3207,Ciamis,99.72809206370749,0.11321340759958863,0.029820476814416144,0.0011092956364224824,0.0072430479789938555,0.009787902674316023,0.010375176834774982,0.05970620631332774,0.040652422440659204
3208,Kuningan,98.86818033022753,0.18771925928143307,0.49817060629265086,0.00183470469462306,0.018733300566151245,0.0027037753394445092,0.039494432636885866,0.14049975424613434,0.24266383671514474
3209,Cirebon,99.47310269563215,0.32730326490569833,0.10884308986665996,0.005853339499495936,0.021962116799761608,0.0013544917850073239,0.0015479906114369418,0.017221395552235976,0.04281161534755292
3210,Majalengka,99.64482675552713,0.24252597359733144,0.033005478909498974,0.0019717558829051335,0.013030734530503492,0.0011144707164246407,0.0038577832491622182,0.0015431132996648871,0.058123934287377416
3211,Sumedang,98.92694051400784,0.45693040063935514,0.06702621246120619,0.024871936956955092,0.036484936933180445,0.0019202598385884445,0.002194582672672508,0.2267735428428258,0.2568576136473781
3212,Indramayu,99.09222431189545,0.2909113639956315,0.05583815230412019,0.005108980566038983,0.011299862899003869,0.002524437456160439,0.0018031696115431706,0.26163991063491404,0.27864981063713795
3213,Subang,99.3223934363348,0.2990805763477907,0.08442781217302991,0.002115814209671728,0.022250175237193012,0.0030713432075879926,0.002934839065028526,0.10770176847941892,0.15602423494547002
3214,Purwakarta,98.71334547770671,0.7014489965643075,0.17806012989709347,0.058884179979144205,0.06087826575533037,0.009266633901100383,0.003401675735846976,0.062051257388381055,0.21266338307208854
3215,Karawang,98.16983904904194,1.0781134049349772,0.2226722455353933,0.021571667518097408,0.24800368081263618,0.013911140708838414,0.0033367938862416467,0.09075139428637494,0.15180062327550026
3216,Bekasi,95.36538345294122,3.065540197103027,0.7449054345706225,0.07299267298027944,0.4474222751588066,0.018058083159183714,0.011861309359295408,0.26813402215099524,0.005702552576584331
3217,Bandung Barat,98.31276766488952,1.0092141610452072,0.30365149865853047,0.03251044174473146,0.031848314621620834,0.004436251724841155,0.03575486464797349,0.00456867714946328,0.2652481255181145
3271,Kota Bogor,92.78011730612606,3.841386291556442,1.9699389898709296,0.13153270323907174,0.789827576409978,0.0627147929043894,0.007891962194344305,0.20813734960550712,0.2084530280932809
3272,Kota Sukabumi,95.61773263113488,2.11663949163154,0.9136838299054845,0.017409878766978817,0.9126794138227741,0.012722603714330675,0.008035328661682531,0.010378966188006601,0.3907178561743131
3273,Kota Bandung,91.69563479984116,5.360242484674552,1.9507923802222498,0.08960809195310147,0.4898798391396955,0.025972149671402198,0.015157379952924436,0.18973866255120836,0.1829742119937049
3274,Kota Cirebon,92.02095894247087,4.729257833455358,1.9494650611190025,0.03643859927325238,0.7328207187176312,0.03407683820924528,0.007085283192021297,0.03643859927325238,0.453458124289363
3275,Kota Bekasi,88.35635887378788,7.648559599224111,2.3904104338098335,0.18583467780446972,0.87495197807502,0.023470247392682508,0.0350768843332244,0.3779223777245081,0.10741492784826227
3276,Kota Depok,92.69698660393311,4.907884065640152,1.471784282485031,0.18101083074020605,0.2854069723968549,0.11710773796856036,0.013056707523999608,0.25520974133914653,0.07155305797293178
3277,Kota Cimahi,93.45001727715702,4.171463310525023,1.3945529835894726,0.11290206346537271,0.1531846327541636,0.013119552383046582,0.04896734340151189,0.14579333563695426,0.5099995010874446
3278,Kota Tasikmalaya,98.45089572343988,1.0732315284579457,0.2157478629788627,0.006451978396887943,0.11487668852995607,0.024076894993264764,0.02218851107222439,0.01133030352624224,0.08120050860473606
3279,Kota Banjar,98.88043298298098,0.6856705698316368,0.099339449750795,0.008563745668171982,0.022265738737247156,0.05652072140993508,0.009134662046050115,0.1541474220270957,0.08392470754808543
3301,Cilacap,98.1798384636324,0.9436656685587481,0.42725595835106966,0.008830118865579405,0.1297722986382739,0.004141021261099307,0.06662172440650944,0.0,0.23987474628632605
3302,Banyumas,98.12804795284997,1.0486791158982764,0.617808503808554,0.022900856659292507,0.1102586188596274,0.011386100080603296,0.00437432093492104,6.432824904295648e-05,0.05648020265971578
3303,Purbalingga,99.16061214297157,0.5743552050057011,0.2220384662501531,0.0018846766366060743,0.008245460285151576,0.004947276171090945,0.006949745097484899,0.0,0.020967027582242576
3304,Banjarnegara,99.34032521092445,0.4114335957685062,0.11830873746853827,0.004143107537808733,0.06721041116889723,0.0018413811279149926,0.019564674484096795,0.0,0.037172881519783915
3305,Kebumen,98.77931868067445,0.630471254200699,0.31536494569481155,0.0032760710597055332,0.1750111645053219,0.0028450090781653313,0.023449771795786972,0.0,0.07026310299105289
3306,Purworejo,97.51821542735615,1.0958734705439965,0.9525083150352229,0.008771589253796588,0.1039649021392612,0.0067584376217777,0.008052606528075558,0.0,0.30585525152172693
3307,Wonosobo,98.58468133472338,0.6631491237714984,0.4021815301179123,0.028878647419533887,0.0928620726655654,0.0037091840722337107,0.0035767132125110778,0.0,0.22096139401735101
3308,Magelang,96.21527210691508,0.8672929273611497,1.8258932084760982,0.016839817791479052,0.023440349388139183,0.002030932798972348,0.04781154297580736,0.0,1.0014191142932818
3309,Boyolali,97.62189545539053,1.3433190296723054,0.39622538099214316,0.2134265274343359,0.25512315011536424,0.0005373276118689222,0.0027941035817183953,0.0,0.16667902520173966
3310,Klaten,93.9821972006474,2.5072408492744107,2.960673317127518,0.4596269004740511,0.02415828722168193,0.0006194432620944085,0.004159119045491028,0.0,0.061324882947346435
3311,Sukoharjo,94.26682584399167,3.602357571478141,1.4674159648062817,0.04937894151931845,0.0724305358403762,0.0038823737803886744,0.007036802476954472,0.0,0.5306719661068768
3312,Wonogiri,97.46087862685488,1.2680535340573407,1.0480092668348935,0.005382687554365145,0.190870100677788,0.00043061500434921155,0.0023683825239206634,0.0,0.024006786492468544
3313,Karanganyar,95.18246523593328,2.752841873299918,1.4467606825414783,0.35735542230901285,0.04697514498349721,0.0011067442535378925,0.003689147511792975,0.0,0.20880574916748237
3314,Sragen,97.75034779427358,1.206618926999322,0.6298746542447213,0.11663050849037478,0.026681704739556264,0.001165139944958789,0.0030293638568928516,0.0,0.2656519074506039
3315,Grobogan,98.67883756044185,0.8441991111763159,0.23298000452358683,0.011843850672730718,0.08183718755157805,0.006418602945221809,0.0004584716389444149,0.0,0.1434252110497778
3316,Blora,98.42840063249643,0.9832137760808362,0.35071734351498324,0.005785028346638898,0.02723784179875815,0.007592849704963555,0.013257356627714142,0.0,0.18379517142967333
3317,Rembang,98.05786332836736,0.5049386244227281,0.38944194643186286,0.008793304912920916,0.0989246802703603,0.0074404887724715445,0.005580366579353659,0.0,0.927017260242932
3318,Pati,96.93012469426773,2.223186870115945,0.2637295097452294,0.008228427874890951,0.26792768723241867,0.0019311616441070603,0.11343475570385385,0.0,0.19143689341583034
3319,Kudus,97.47838088488199,1.4398594355555498,0.4799102692565443,0.0036015780056776305,0.1336442695678235,0.002572555718341165,0.020709073532646376,0.0,0.4413219334814268
3320,Jepara,97.20317512394284,1.9916520851560222,0.08849154272382619,0.04456474190726159,0.3709171770195392,0.0023694954797317002,0.0051035287255759695,0.0,0.2937263050452027
3321,Demak,98.62700944221133,0.7721828494125026,0.26989926855308793,0.007768248515743493,0.020557438145321193,0.001421021069953078,0.0,9.473473799687186e-05,0.3010669973540588
3322,Semarang,93.26945495295614,3.4446190988334924,2.370619956227766,0.033414739230730385,0.5247510816813094,0.006768902159279788,0.055010760405575426,0.0,0.2953605085057165
3323,Temanggung,95.85729084632473,2.056323795491048,0.7992423921664931,0.007338973051855489,1.0854623411888573,0.0032460842344745437,0.036412597064975315,0.0,0.15468297047756954
3324,Kendal,98.3203619185772,0.5440330196276184,0.3726481790221845,0.037098209178363525,0.029656352846176827,0.0025546670991088657,0.004442899302798026,0.0,0.6892047543465439
3325,Batang,99.41154331573199,0.265435138179081,0.20586787102908466,0.004527678263182618,0.016978793486934818,0.0036787385888358776,0.00028297989144891364,0.0,0.09168548482944802
3326,Pekalongan,99.52493438633184,0.2909538396963587,0.09742183894751026,0.05270557260073382,0.011805094315548978,0.002384867538494743,0.006439142353935806,0.0,0.013355258215570561
3327,Pemalang,99.47009282889087,0.3662733588456205,0.10552161052457164,0.005708156241749931,0.015380309873603979,0.0010306393214270706,0.011812712222510272,7.927994780208237e-05,0.02410110413183304
3328,Tegal,99.41577486720689,0.31967847185230697,0.16231263966665688,0.024590651680946693,0.03376733802252446,0.01476872958097673,0.0030827930678737833,0.0001433857240871527,0.025881123197731063
3329,Brebes,99.47170172602429,0.20382162666268328,0.0753805506644389,0.001960932457988464,0.013380480301568342,0.004844656660912675,0.004094888368152381,5.767448405848423e-05,0.22475746437591307
3371,Kota Magelang,82.54036725959382,9.279606181329138,4.992091485024571,0.11164962318252176,0.3611696143858848,0.045674845847395264,0.019454101009075762,0.0,2.649986889627581
3372,Kota Surakarta,78.77946156603657,13.78708167029481,6.611566937759469,0.07289666097244947,0.2419207869635136,0.0302400983704392,0.007409825428518215,0.0,0.469422454174235
3373,Kota Salatiga,76.25930535659771,17.872742643778032,4.737219078035835,0.06223140689946693,0.4649742855129982,0.01643848484136862,0.009393419909353497,0.0,0.5776953244252401
3374,Kota Semarang,86.78174068627955,6.9100324939073925,4.969138500138818,0.09948688418389906,0.6435156145564479,0.06818836183405484,0.013174942672932368,0.0,0.5147225164269041
3375,Kota Pekalongan,96.1617999246715,2.061229275780467,1.0631267011093186,0.01989809333627067,0.4395346688744075,0.0536537873888727,0.0028425847623243816,0.0003553230952905477,0.1975596409815445
3376,Kota Tegal,95.72243623721302,2.1406600194491627,1.1853137951327009,0.02378974870512815,0.46619560181803765,0.13146966389676085,0.0008347280247413386,0.0,0.3293002057604581
3401,Kulon Progo,94.31119477253264,1.3132957371248415,4.172099087353325,0.006428900220897011,0.1540364492926924,0.0,0.0020572480706870437,0.012600644432958141,0.02828716097194685
3402,Bantul,95.26309842095966,1.5353761863647186,2.9391016815084536,0.12342252301967191,0.030060241162124534,0.0028524316431213065,0.005485445467540973,0.051343769576183515,0.049259300298517945
3403,Gunung Kidul,96.12471164466923,1.767592266302626,1.7699612959776838,0.17338335934330498,0.07758572185814842,0.0004441930640733689,0.047972850919923836,0.007403217734556148,0.030945450130444696
3404,Sleman,88.86699417259013,3.5595685704091995,6.7959308761240855,0.19906505292239574,0.09148210152683628,0.005671890294663849,0.007318568122146901,0.22230150671021218,0.2516672613003266
3471,Kota Yogyakarta,83.22453149163593,6.25741392131787,9.390495256376937,0.19556026730000747,0.29462698165593226,0.017497497600526983,0.011321910212105695,0.4014131802473837,0.2071394936532974
3501,Pacitan,99.48195628983085,0.14032661528136503,0.04751507263150305,0.005361622981764936,0.0020337190620487687,0.03383368985044769,0.0020337190620487687,0.00036976710219068523,0.28656950419778104
3502,Ponorogo,98.11126401732297,0.33486070659818234,0.2651760064820802,0.009587492297852987,0.030516286460239385,0.0016368889289017294,0.002923015944467374,0.003741460408918239,1.2402941255563962
3503,Trenggalek,99.24823290248824,0.23828199717976128,0.04685570075221193,0.006079378895065472,0.005634546292987511,0.0016310528742858584,0.0,0.21144376352105762,0.24184065799638502
3504,Tulungagung,98.21432539049323,1.1893051411996873,0.258645589895754,0.014139157588990847,0.08523892146505911,0.006059638966710363,0.018986868762359138,0.05756657018374846,0.15573272144445632
3505,Blitar,96.33614802993627,1.326749289609265,0.91784363612591,1.0791312142957572,0.21519936165582612,0.0014328713218864826,0.0037612872199520165,0.03635910979286949,0.0833752000422697
3506,Kediri,96.286358956852,2.1429314400627297,0.41873143046124467,0.38632641848605914,0.018402846306895468,0.005600866267316012,0.01226856420459698,0.01773607651316737,0.7116434008459975
3507,Malang,95.91344679828208,2.378569694115569,0.47718559833996804,0.42514608264676323,0.09488115940607092,0.003392992774969361,0.005436964326155723,0.11021094603996864,0.5917297640684518
3508,Lumajang,97.58022689471395,1.0121634484499105,0.20626792176126574,0.6038006553676358,0.04153178771493694,0.0032788253459160744,0.004371767127888099,0.0710412158281816,0.47731748369032784
3509,Jember,98.08721641547271,0.8250861867188859,0.2895325040317637,0.07531960461708748,0.04496884760576253,0.014703827196164488,0.003686673874256985,0.010288392207228795,0.6491975482761371
3510,Banyuwangi,96.07641776311985,1.0964103341863325,0.24793101631152165,1.755567522964787,0.2493448271873261,0.02744078381674955,0.00938256308488392,0.03373866862715108,0.5037665207014044
3511,Bondowoso,98.76257512500474,0.4610652956409853,0.1397990151634427,0.023073623861927434,0.03759643417502294,0.005157633569136721,0.0,0.07614295874436054,0.494589913840374
3512,Situbondo,96.51477180255675,0.6991765219982736,0.17757354246864282,0.022698531080774343,0.04153676776005645,0.006176471042387576,0.0016985295366565836,0.0003088235521193788,2.536059010004339
3513,Probolinggo,97.22543521332841,0.21810837733205382,0.08374048113376219,1.2778177121151861,0.022713921353275365,0.002098073056728247,0.005564454628714045,0.026545185195996513,1.1379765818558643
3514,Pasuruan,96.42782524985653,0.5058619422030748,0.1264820148260988,1.0548983515684298,0.0271741286427217,0.003636440572626991,0.002380215647537667,0.055736716413173695,1.7960049402698106
3515,Sidoarjo,95.27668597994227,2.918469613911327,1.1296437748809296,0.18691762078437413,0.17991271683654417,0.022662924537096892,0.004326558320718497,0.057172377809494426,0.22420843297723353
3516,Mojokerto,98.68096032641502,0.9128737530998798,0.11565733053909384,0.06221701254969803,0.04320084100237653,0.005168497907733535,0.002828046024986274,0.09566597070729431,0.08142822175391513
3517,Jombang,97.25633666470671,1.2798495018741574,0.11901128320111244,0.05464040046340383,0.06628371258650358,0.009148316668149803,0.001580163788134966,0.2636378530730443,0.9495121036387845
3518,Nganjuk,98.77034109121658,0.615321081973983,0.20146898321583437,0.0372653707363598,0.020648358455502787,0.00550622892146741,0.00589953098728651,0.04778620099702074,0.2957631534959637
3519,Madiun,98.81711305524267,0.8523610930757174,0.18164577413110505,0.00694572369911125,0.00800268165332383,0.00045298198037682056,0.002868885875719864,0.010871567529043695,0.11973823681293957
3520,Magetan,97.83106237166407,0.7928218914902603,0.20791629193381492,0.017245769951099377,0.08864648105705288,0.0017729296211410576,0.004190560922697045,0.10073463756483281,0.95560906579503
3521,Ngawi,98.01519996576033,0.6788013671409269,0.39571270475014214,0.006847933085910989,0.015530133962690993,0.0019565523102602826,0.0059919414501721155,0.14380659480413077,0.7361528067354313
3522,Bojonegoro,98.90766157591946,0.379429954222119,0.15620183260287626,0.00462820244749263,0.02553775993348612,0.015868122677117586,0.0010744041395965034,0.24471620441117284,0.2648819436466764
3523,Tuban,98.89625414854657,0.4529426070038911,0.13920877203021287,0.007599708171206226,0.04014434081025406,0.014305333028152897,0.0005364499885557336,0.0056327248798352025,0.4433759155413138
3524,Lamongan,99.42844251220677,0.25138691108757066,0.02959987583318562,0.023662937986987927,0.004834363674760975,0.0010177607736338893,0.0016962679560564825,0.21245756149607442,0.04690180898496173
3525,Gresik,97.51104888355727,1.0432932724575674,0.2681297693710165,0.16736870901802994,0.038231430993966226,0.004587771719275947,0.009770254587346925,0.012488934124695636,0.9450809741708452
3526,Bangkalan,98.84898005097263,0.11579677555607266,0.04422333999808108,0.002205652867734717,0.010476851121739907,0.0006616958603204152,0.00044113057354694347,0.29291070083517046,0.6843038022146961
3527,Sampang,97.57511062098129,0.04055722898429205,0.007291187233131155,0.0010253232046590686,0.0028481200129418576,0.0002278496010353486,0.001139248005176743,0.7579416978440872,1.6138587241333742
3528,Pamekasan,96.31142906681342,0.09435645380554278,0.0694795192469576,0.002764103839842798,0.011433338610258846,0.0007538465017753086,0.0005025643345168724,0.22062574285290695,3.2886553639947835
3529,Sumenep,99.1885347189709,0.0657192855881924,0.045859589067380975,0.0007675245032197652,0.011320986422491538,0.00047970281451235327,0.0,0.002782276324171649,0.6845359163091281
3571,Kota Kediri,87.85283065245972,5.496690961501935,2.1951010588178335,0.09236258272596246,0.3497115531438659,0.050650448591656835,0.009310744226407505,0.0,3.9533419985326264
3572,Kota Blitar,90.89703564500485,4.175254607177497,3.6448229873908824,0.06440955383123181,0.4054013094083414,0.10305528612997089,0.015912948593598448,0.0,0.6941076624636275
3573,Kota Malang,88.926818028316,5.701846891713798,3.701342163236992,0.21213225836733748,0.4885137696999548,0.03498963112150911,0.010484697827351163,0.04157304603635752,0.8822995136807019
3574,Kota Probolinggo,96.60143184896481,1.3562945149312178,1.0462448517013572,0.06541909684790521,0.4118638914227271,0.02902396550294386,0.000921395730252186,0.0,0.48880043489878466
3575,Kota Pasuruan,96.2219883819566,1.4082314159624614,0.801559094179167,0.08536362757835737,0.5964716367267612,0.044560887352224285,0.0,0.0,0.8418249562444299
3576,Kota Mojokerto,91.5679390329129,5.788878165662751,1.2862324869380013,0.08652534194149555,0.8411261606043462,0.0807015208492795,0.0,0.003327897766980598,0.34526939332423706
3577,Kota Madiun,90.1558222783744,5.876675791394679,2.940385110315622,0.09300203551624904,0.3094218665917971,0.02456657541938654,0.01228328770969327,0.0,0.5878430546781779
3578,Kota Surabaya,86.53340261588646,8.088304157640227,3.2021123223504575,0.259918054216129,1.1269624482053253,0.0997292701068564,0.0167059183427729,0.42307195803126174,0.24979325522050908
3579,Kota Batu,94.59155344298154,3.702204181213982,1.1415261010389939,0.2224161864299836,0.3123291128591259,0.014722584444537922,0.0,0.0,0.015248391031842846
3601,Pandeglang,99.810892389593,0.06193404719861518,0.015918441906385642,0.000956846234810066,0.02183349135793878,0.0003479440853854785,0.0,0.0,0.08811683962387244
3602,Lebak,98.42055651755052,0.11029030101445483,0.0584671475257351,0.0009965991055523027,0.12424268849218709,0.0019101482856419137,0.951502996026061,0.0,0.33203360199984217
3603,Tangerang,94.0978896236773,2.8527619483089044,1.0557526594918951,0.06742224743647279,1.6978340206098272,0.037115753167540226,0.004057330431812858,0.00024696793932773914,0.18691944893690887
3604,Serang,98.76569875778611,0.46185606400830326,0.1200440826964011,0.020601389488871684,0.03607025287670959,0.004277105084194814,0.0,0.00014257016947316045,0.591309777889933
3671,Kota Tangerang,88.25036792484826,5.295226678957701,2.2751571916172626,0.14878230357928188,3.6948161376536537,0.06910926881504013,0.004559098988602808,0.00022239507261477114,0.26175900046758566
3672,Kota Cilegon,97.34861530493193,1.563705584433961,0.38044740614963196,0.059536681804468715,0.343070117124405,0.00560659335378405,0.00026698063589447856,0.0,0.29875133156592154
3673,Kota Serang,98.05983194440839,0.9060463667281082,0.3795529478958436,0.04257639087203718,0.3362842579852367,0.0072691399049819565,0.0,0.0,0.2684389522054051
3674,Kota Tangerang Selatan,90.07085053188274,5.6715300521885235,3.0094038542317345,0.21862759838241927,0.8651328893098001,0.06099252744663736,0.005192502336626052,0.0002325001046250471,0.09803754411689485
5101,Jembrana,26.604698094313516,1.10457960999549,0.7128169455507227,71.2125150016435,0.28894885299536,0.0007644149550141799,0.0,0.0,0.0756770805464038
5102,Tabanan,6.1936789787913415,0.6393245159926161,0.2839066505429863,92.4478455167695,0.3642082805710444,0.0033261030189136475,0.000475157574130521,0.0,0.06723479673946872
5103,Badung,17.699307237563776,3.385775179816392,1.8835629044488453,76.35534074930244,0.45552259023948527,0.0058895850051165766,0.02300619142623663,0.00018404953140989302,0.19141151266628875
5104,Gianyar,4.009136249752542,0.3601708895922959,0.14198225966788497,95.19942440775091,0.17008069786302862,0.005960274768666836,0.008727545196976438,0.0,0.10451767540769344
5105,Klungkung,4.570108418404742,0.21812680672909474,0.08091800894788997,94.74971121652604,0.2521358249825557,0.0,0.0,0.0,0.1289997244096797
5106,Bangli,1.0146132164399846,0.09147771333577893,0.02600381698885086,98.59393646710285,0.052471987852502636,0.0004643538748009083,0.0,0.0,0.22103244440523231
5107,Karang Asem,4.091180795335029,0.10038160141442216,0.04968637054934967,95.61801521865786,0.08423983636285678,0.00025221507893070894,0.0010088603157228358,0.0,0.05523510228582526
5108,Buleleng,9.207610654916884,0.501822551572201,0.14676547166032444,89.33018225515723,0.5010214300020027,0.015541758461846585,0.002403364710594833,0.0,0.2946525135189265
5171,Kota Denpasar,28.64597401181097,4.398488946713687,2.0452986283095504,63.30192280135787,1.4695868189893595,0.031955809680327775,0.012046833014409281,0.0,0.09472615012382876
5201,Lombok Barat,93.99485988006387,0.1588370395309224,0.044834379468854275,5.526628954675608,0.25833936125176254,0.000833352778231492,0.0005000116669388952,0.0,0.015167020563813157
5202,Lombok Tengah,99.48977515929268,0.0315039717092009,0.006510045814447419,0.3391036364418415,0.01023007199413166,0.0,0.0,0.0,0.12287711474769504
5203,Lombok Timur,99.87789236800165,0.028039530310732266,0.005517455964369897,0.07715393340340201,0.0009949510755421127,0.0001809001955531114,0.0004522504888827785,0.0001809001955531114,0.009587710364314904
5204,Sumbawa,95.84236235205837,0.5647095040994351,0.5776968606673096,2.809117124310648,0.07575957997926833,0.010822797139895476,0.0,0.0,0.11953178174506782
5205,Dompu,97.78328835061856,0.25208587360085494,0.19134779173688082,1.6728089764491514,0.007763514223214734,0.0027400638434875533,0.0,0.0,0.08996542952784133
5206,Bima,99.46679173458887,0.14411649530539947,0.3016656497308915,0.07035070623912865,0.0038704272040944567,0.002276721884761445,0.00022767218847614452,0.0,0.010700592858378792
5207,Sumbawa Barat,97.5546102252264,0.5402301850353629,0.32883576480413396,1.0995989595566806,0.006089551200076554,0.0017398717714504441,0.01304903828587833,0.0,0.45584640412001637
5208,Lombok Utara,91.8619297053061,0.03748650485825103,0.007497300971650206,3.7091647007077455,4.373425566795953,0.0014994601943300412,0.0054980207125434844,0.0,0.0034987404534367627
5271,Kota Mataram,82.47853382086818,1.6718672038486457,0.7528987719781652,13.988327959031185,0.9532249536419896,0.014645904235645154,0.0012411783250546738,0.0002482356650109348,0.13901197240612348
5272,Kota Bima,97.89660468933012,0.956662622125278,0.6564781629833286,0.3268363503741785,0.021040966762286173,0.004909558911200106,0.0,0.01893687008605755,0.11853077942754542
5301,Sumba Barat,4.618309262746299,58.322596920526514,17.092068869207967,0.15676664294144677,0.0027028731541628753,0.0027028731541628753,19.401223500581118,0.0,0.4036290576883227
5302,Sumba Timur,6.184901550945849,71.25305183285616,9.050989759893207,0.17476683118753622,0.007904027541144854,0.005708464335271284,13.130346196406304,0.0,0.1923313368345248
5303,Kupang,2.569053154182592,83.56777913498037,13.722959927499112,0.07190984672366918,0.0003283554644916401,0.0,0.011164085792715763,0.0009850663934749201,0.055820428963578805
5304,Timor Tengah Selatan,2.106515850438055,88.11211478958643,9.589600027201325,0.04193537418821049,0.0015867438882025593,0.0002266776983146513,0.09021772392923122,0.0002266776983146513,0.05757613537192143
5305,Timor Tengah Utara,1.8289578465033092,8.036883765660152,89.87350034594849,0.07049516324852155,0.0026109319721674654,0.00043515532869457753,0.00043515532869457753,0.0034812426295566202,0.18320039338041713
5306,Belu,2.7579002943539117,7.111897064124872,89.83329406722169,0.12063684902227383,0.010502502150174427,0.0053931767798193,0.0031223655041059104,0.0,0.15725368084315222
5307,Alor,23.736225569132646,72.79372296422595,3.320071990148717,0.06104427815141086,0.001578731331502005,0.0010524875543346701,0.02525970130403208,0.025785945081199416,0.035258333070211444
5308,Lembata,27.460132904463247,1.643907696746981,70.4792538339458,0.0543160003055275,0.0076381875429648045,0.0,0.013579000076381876,0.0,0.34117237691909463
5309,Flores Timur,20.744609961092838,0.9875110165301692,77.90890135637669,0.06018787214376304,0.003869220352099052,0.0021495668622772512,0.006878613959287204,0.0,0.2858923926828744
5310,Sikka,9.837244612556937,1.6402067073333155,88.03042007405237,0.08990170746650329,0.02264191151008231,0.0059934471644335525,0.002330785008390826,0.027969420100689917,0.34329133480727736
5311,Ende,25.77310489054316,2.3886725120392933,71.30292972122561,0.09631434546535944,0.006523282362195661,0.00038372249189386236,0.028011741908251953,0.028011741908251953,0.3760480420559851
5312,Ngada,6.163926597515328,1.8434894973769778,91.38862163168133,0.09761715814681902,0.0,0.0007022817132864678,0.003511408566432339,0.002809126853145871,0.49932229814667856
5313,Manggarai,3.993147570020277,0.8692054395437184,94.67705701126,0.09369090890439766,0.004103251484864131,0.0013677504949547103,0.01265169207833107,0.0010258128712160328,0.3477505633422351
5314,Rote Ndao,4.287453714514461,93.82276411915802,1.6954665243353237,0.06254795343096374,0.0025019181372385496,0.0016679454248256997,0.015011508823431299,0.0,0.11258631617573472
5315,Manggarai Barat,19.232937759074076,0.7415325908986347,79.87758397495749,0.10103607077937601,0.004059484986671358,0.0013531616622237859,0.008570023860750644,0.0,0.032926933780778794
5316,Sumba Tengah,3.7705049211810837,72.24613907337762,16.173481635592545,0.0672161318716492,0.0,0.0,7.70905017204129,0.0016003840921821237,0.03200768184364247
5317,Sumba Barat Daya,1.5801869408184541,41.95182219913444,51.39117524209994,0.03615265546519342,0.0049139531700262895,0.0028079732400150227,4.959933731831535,0.00035099665500187783,0.07265630758538871
5318,Nagekeo,8.718874884721796,0.7493083307715954,90.33738087918844,0.03535198278512143,0.0,0.001537042729787888,0.001537042729787888,0.000768521364893944,0.1552413157085767
5319,Manggarai Timur,6.774839363150065,0.4142531573449815,92.64987497230399,0.031652581268002404,0.0003956572658500301,0.0003956572658500301,0.007121830785300541,0.004747887190200361,0.11671889342575886
5320,Sabu Raijua,0.8634868421052633,83.4923245614035,1.9216008771929824,0.009594298245614035,0.0,0.0,13.712993421052634,0.0,0.0
5371,Kota Kupang,13.996591710063377,63.28563908410386,21.62003812764135,0.5400920178801388,0.030038157382100233,0.002081852491828729,0.011004077456808996,0.002081852491828729,0.5124331204887
6101,Sambas,87.68523744255423,1.7804160283802308,2.8049665403531403,0.033258082721922114,6.441586712892041,1.133395146335564,0.008264129646053374,0.028420543416915262,0.08445537369991131
6102,Bengkayang,36.39357664776079,26.51096029766301,30.787311231576066,0.10683909567673278,5.095295828165573,1.0521328335121727,0.010683909567673277,0.0009290356145802849,0.042271120463402964
6103,Landak,15.960916004598829,29.129771362873846,54.26802447451683,0.02153806017916026,0.4862747953125901,0.0627940627758616,0.005763706245127394,0.011527412490254787,0.05339012100749586
6104,Pontianak,74.57194012503152,6.453267014498699,7.576670469744168,0.01837441938971289,10.231987727597096,0.9648706739993419,0.007691617418949581,0.006836993261288517,0.16836095905922974
6105,Sanggau,33.1467826121018,15.93882507320035,49.15880803392187,0.040884475650479354,0.7755809512617879,0.11726744812323119,0.029378066335673785,0.004406709950351068,0.7880666294544493
6106,Ketapang,63.86796425396528,7.482103588639872,26.1799934496795,0.11813970897861788,1.1018574837411688,0.2414260983483835,0.5027370982080195,0.00023394001777944136,0.5055443784213728
6107,Sintang,37.06337609215948,23.517445765560275,38.68883290062754,0.03618827773954858,0.5335029430391025,0.07429563081377019,0.01919075334673031,0.001919075334673031,0.06524856137888305
6108,Kapuas Hulu,59.497659344616494,8.17924018725243,32.04402232625135,0.024756931940943465,0.11613251710478935,0.10397911415196254,0.032859200576161325,0.0013503781058696435,0.0
6109,Sekadau,38.332580904456215,13.557483731019524,47.088650803263704,0.011561712014270456,0.578636158428488,0.3463008027131484,0.08313421495975423,0.0,0.0016516731448957794
6110,Melawi,51.94379915474825,22.77701586946178,24.64832489014526,0.01399423437543732,0.542976293766968,0.07109071062722158,0.0016793081250524786,0.0,0.0011195387500349855
6111,Kayong Utara,95.50390191853046,1.1967278281063665,0.5450132853526372,0.4309893926397054,1.0670125740109213,1.2375253677009017,0.011506998347176601,0.002092181517668473,0.005230453794171182
6112,Kubu Raya,82.77421801704693,3.672874623230932,5.549833323352696,0.09281992933708605,6.792223087210811,0.6315747449947103,0.02095933888256782,0.05968421262750265,0.40581272331676543
6171,Kota Pontianak,75.40467658319574,4.975268762933427,6.0888954582489125,0.06813708171402615,12.03268416840314,1.309205355790931,0.015321830544159318,0.025235956190380052,0.08057480297928489
6172,Kota Singkawang,53.80935525737147,5.2128583840139004,7.97320633694801,0.020915789812401456,29.69130439446107,2.6841930259248534,0.020915789812401456,0.0021452092115283546,0.5851058124443587
6201,Kotawaringin Barat,91.81986658354644,4.3790791465757435,1.6717344563046272,0.4028786741474875,0.2646276764926655,0.03350254237647528,1.2251752522232542,0.0,0.20313566833331212
6202,Kotawaringin Timur,86.38123872519543,5.837108304937529,1.6976013897240596,0.09647892029130754,0.2723324647557961,0.04463152268323645,5.517471771230039,0.020845860893966728,0.132291040288635
6203,Kapuas,81.67488760670537,11.907622115845482,0.27362686032895894,1.2549826177171874,0.011527517397450598,0.0006067114419710842,4.813648580598581,0.0,0.06309798996499275
6204,Barito Selatan,70.2484532095901,18.766918020108275,6.790571023459655,0.029807940190770814,0.06444960041247745,0.000805620005155968,3.941898685228152,0.0,0.15709590100541376
6205,Barito Utara,71.29296801098928,11.607840556702557,4.956692686698527,0.07978745280613295,0.01562847013728377,0.010693163778141529,11.812655770606959,0.0,0.22373388828111504
6206,Sukamara,78.94198255917424,8.368926855312333,4.55374621818829,0.15127246841074923,0.2558284392240612,0.1201281366791244,7.336714717921339,0.0,0.2714006050898736
6207,Lamandau,58.00250003955759,24.674441051282457,11.158404405132991,0.48102026930805863,0.02215224924445007,0.025316856279371507,5.60926596939825,0.0,0.026899159796832228
6208,Seruyan,86.91140633597988,5.416240861567487,2.791375749476528,1.565057063838606,0.06431741358240847,0.015722034431255406,3.228019523908212,0.0,0.007861017215627703
6209,Katingan,61.502741755953,17.109513176134772,1.2961028141410416,0.01843771126544158,0.0013657563900327098,0.002048634585049065,19.90111923736163,0.0696535758916682,0.09901733827737147
6210,Pulang Pisau,77.97637887091669,18.847761989638688,0.7204610951008645,0.2498709000349819,0.00916193300128267,0.002498709000349819,2.1280671652979293,0.0,0.06579933700921191
6211,Gunung Mas,19.04216929580369,62.77245076812042,1.2898236931642437,0.019589648417362614,0.02371378492628106,0.004124136508918445,16.806887307969895,0.041241365089184454,0.0
6212,Barito Timur,51.01877336400607,35.259622889537034,8.138890029988087,0.3573922688247135,0.0174588177299429,0.0010269892782319352,4.939818428295609,0.0,0.2670172123403032
6213,Murung Raya,63.38519673332852,16.009168155115272,4.808119186016499,0.014454298605160183,0.005162249501842923,0.016519198405897356,15.161526786912665,0.0,0.5998533921141477
6271,Kota Palangka Raya,69.64636453326817,26.785148577583477,1.3699188095690662,1.03954526117613,0.11042622713407736,0.014934694653379314,0.41138295272490294,0.0,0.6222789438908047
6301,Tanah Laut,97.88312472792433,1.0363341241103758,0.3411702375368251,0.42452241228617804,0.08672675672301093,0.0006749163947316027,0.013498327894632053,0.0,0.21394849712991804
6302,Kotabaru,92.32479268771843,3.053677164974392,0.8382102556679143,0.46322145707963686,0.8457927497570156,0.017577599933825506,2.2433842739072594,0.0,0.21334381096152918
6303,Banjar,98.85091715515183,0.28648150596145916,0.09884795763546216,0.01440299582313121,0.08168274343529207,0.0021703144391019636,0.44846588364352385,0.0003946026252912661,0.21663684128490507
6304,Barito Kuala,98.58010407500353,0.35053793812715695,0.08328897290211372,0.3853020311645609,0.015209290703864245,0.0003621259691396249,0.0003621259691396249,0.0,0.5848334401604942
6305,Tapin,98.50307070057245,0.6498805673201212,0.08518141258183075,0.12687860755195768,0.0011913484277179124,0.0,0.4288854339784485,0.0,0.20491192956748094
6306,Hulu Sungai Selatan,98.0610396027955,0.5030943360707815,0.00423559310068946,0.009883050568275408,0.006588700378850272,0.0,1.33421182671718,0.0,0.08094689036873191
6307,Hulu Sungai Tengah,96.40598044853364,0.3244886223609628,0.014786823297461595,1.1086010022180235,0.010679372381500041,0.0008214901831923108,1.3250636654891974,0.0,0.8095785755360223
6308,Hulu Sungai Utara,99.82986532597995,0.038710417403439015,0.0038232511015742236,0.008602314978542002,0.004301157489271001,0.0,0.0,0.0,0.11469753304722671
6309,Tabalong,95.65867715671027,2.7001189278199615,0.7574787302168146,0.6005854908059647,0.011435367303997804,0.0004574146921599122,0.0068612203823986825,0.0,0.2643856920684292
6310,Tanah Bumbu,95.23157254347234,1.2611550074833258,0.6740591723926861,2.159900570673574,0.04926678336424948,0.008584363768013168,0.3030653643315953,0.0,0.3123961945142183
6311,Balangan,94.316463577337,0.6741972783065018,0.17433069465445167,1.3243796139820332,3.477719469892378,0.0053366539179934185,0.023125500311304812,0.0,0.004447211598327849
6371,Kota Banjarmasin,95.53543592850941,2.4133426914646487,1.0366422001627547,0.06986623094866191,0.6813955979478193,0.019504988960496003,0.00047963087607777054,0.0,0.24333273113012224
6372,Kota Banjarbaru,94.9095062291173,2.7335981605694624,0.7679321935409539,0.17432511634197778,0.06411958302233667,0.008515882120154087,0.0025046712118100257,0.0005009342423620052,1.3389972298336397
6401,Paser,93.4672363187968,2.9016655377828724,2.0502266451310374,0.16151721981972594,0.18843675645634694,0.0021709303739210475,0.06425953906806302,0.046457910001910414,1.1180291425693396
6402,Kutai Barat,42.473544893422414,28.789576657722105,28.440678171432726,0.06117838040838083,0.015748890006117837,0.0036343592321810394,0.15264308775160368,0.06299556002447135,0.0
6403,Kutai Kartanegara,92.08399821280399,5.745675623922895,1.3660879555754133,0.3799387247079849,0.024414374162251867,0.00558498755345631,0.02457394523520776,0.03446735175847322,0.3352588242803345
6404,Kutai Timur,83.67020423491121,10.507477399593954,5.039567824688914,0.7142940967074406,0.03207673380613917,0.0058676952084400925,0.00821477329181613,0.0,0.02229724179207235
6405,Berau,84.77934319490281,9.390827511880232,5.088257137911201,0.06868477040859063,0.32276257964362093,0.025128574539728277,0.017310795794035036,0.0005584127675495172,0.3071270221522345
6406,Malinau,31.446148929370406,57.78363694471077,8.873441994247363,0.047938638542665384,0.3211888782358581,0.0015979546180888463,0.0,0.05273250239693193,1.4733141578779163
6407,Bulungan,70.76502489725996,22.47055377541873,6.025048152454666,0.06301980241960536,0.494394787996059,0.0,0.0017752057019607148,0.010651234211764287,0.16953214453724824
6408,Nunukan,72.53640630214213,19.469472667760098,7.396993773120044,0.05538160052825527,0.13064377560511498,0.01917055402901144,0.0035501025979650814,0.0781022571552318,0.3102789670621481
6409,Penajam Paser Utara,94.89371825191363,4.053259820041701,0.8417178600915185,0.05177649347196373,0.014693329228530248,0.0020990470326471785,0.0,0.1427351982200081,0.0
6410,Tana Tidung,75.7531903696882,14.912511511643206,9.110643336403104,0.013156163662675965,0.12498355479542167,0.006578081831337982,0.07893698197605578,0.0,0.0
6471,Kota Balikpapan,89.96016707946318,6.7828953385977595,1.468312113619774,0.23548232627125482,0.8743155678388175,0.035151969496699124,0.03192372740006349,0.07335283430688745,0.5383990430055652
6472,Kota Samarinda,90.93388316151203,5.248109965635739,2.120412371134021,0.11807560137457045,0.8560824742268042,0.08178694158075601,0.0053608247422680414,0.04879725085910653,0.587491408934708
6473,Kota Tarakan,85.53343331437141,9.408388064332627,2.7005223147334125,0.05533433314371413,1.509024150592129,0.07550292185964731,0.0031028598024512594,0.1546258468221544,0.5600661943424523
6474,Kota Bontang,89.28265696011358,8.582782931870854,1.5422840558729982,0.22271249904303225,0.05567812476075806,0.003479882797547379,0.0006959765595094757,0.07029363251045705,0.23941593647125964
7101,Bolaang Mongondow,60.67480466920237,33.01980476288621,1.0155327799741434,5.281894661895037,0.005152610968503494,0.002810515073729179,0.0,0.0,0.0
7102,Minahasa,6.558972111964534,85.01082530027321,8.035530181968142,0.06991339759781433,0.021263982679519563,0.0012887262230011857,0.003221815557502964,0.0003221815557502964,0.29866230218052475
7103,Kepulauan Sangihe,20.21332275971451,78.07771609833466,0.8762886597938144,0.011895321173671689,0.0023790642347343376,0.0015860428231562252,0.7129262490087231,0.004758128469468675,0.09912767644726407
7104,Kepulauan Talaud,3.123426900304432,93.67524030970587,2.8405685931394875,0.007191312894024019,0.0,0.0011985521490040032,0.3224105280820769,0.0,0.02996380372510008
7105,Minahasa Selatan,9.06506164569196,87.83143188803035,2.956743184712073,0.013295628295142492,0.018409331485581916,0.021477553399845566,0.002045481276175768,0.000511370319043942,0.09102391678982169
7106,Minahasa Utara,18.581925210689025,74.59820861389912,6.6875238216236825,0.07146487104561047,0.031232795494007537,0.008999280057595392,0.015881082454580104,0.0031762164909160204,0.0015881082454580102
7107,Bolaang Mongondow Utara,88.00588459960676,11.861146082356102,0.10467797377392386,0.021218508197417,0.0028291344263222666,0.0042437016394834,0.0,0.0,0.0
7108,Siau Tagulandang Biaro,3.1770661901851063,96.21636024513722,0.5376091283835677,0.010971614864970768,0.009404241312832087,0.0031347471042773626,0.0,0.0015673735521386813,0.04388645945988307
7109,Minahasa Tenggara,17.77525561761397,81.40836096094303,0.8084187051362465,0.0019911790766902623,0.002986768615035393,0.0019911790766902623,0.0,0.0009955895383451311,0.0
7110,Bolaang Mongondow Selatan,93.15801477167068,6.673567130401222,0.050876300415782186,0.10350695601831547,0.005263065560253329,0.0,0.008771775933755548,0.0,0.0
7111,Bolaang Mongondow Timur,73.11873566468722,24.956797687498035,1.8977597637226253,0.018851918182675086,0.007854965909447953,0.0,0.0,0.0,0.0
7171,Kota Manado,31.300596129906133,62.10080369127926,5.019233533342591,0.1685827115018722,0.546675729205493,0.10037005366874473,0.02119464725529318,0.009744665404732497,0.7327988384358838
7172,Kota Bitung,35.52000511585275,60.342548973632034,3.103617334214397,0.10604736427003175,0.1929102807324196,0.006927717263871422,0.01651994116769339,0.014388335855732954,0.697034937011063
7173,Kota Tomohon,3.8622437276768644,72.26852205826133,22.85561368824615,0.044782803403493054,0.12233351173637128,0.001092263497646172,0.03058337793409282,0.0,0.8148285692440446
7174,Kota Kotamobagu,84.19397165430537,13.92065811146577,1.0822732390958412,0.40108320382657575,0.1526163466996715,0.005583524879256275,0.0,0.0,0.24381391972752398
7201,Banggai Kepulauan,69.92256463143912,26.120016081385796,3.7692204606501307,0.03962080558420295,0.0017479767169501302,0.004661271245200348,0.0029132945282502173,0.006991906867800521,0.13226357158255986
7202,Banggai,76.1656974408731,14.93823116807673,1.3147892938144647,6.962975780685111,0.11772848905835748,0.007106969155753864,0.04233281627557736,0.010196955745212066,0.4409410863156854
7203,Morowali,72.68008258935062,21.219743895464372,0.8796929072033036,3.1775574102616297,0.06106959025213017,0.008724227178875738,0.7444673859307296,0.05622279737497697,1.172439196983356
7204,Poso,36.877473378324126,56.12537518878926,0.7890913262087292,5.64742768654291,0.005735370026956239,0.0009558950044927066,0.007169212533695299,0.0019117900089854131,0.5448601525608427
7205,Donggala,88.95612708018155,7.579425113464448,0.11994813053814568,3.10352280095094,0.05619191700886103,0.009005114905266192,0.0,0.0,0.17577984295079604
7206,Toli-Toli,92.40070801150992,4.999148114493412,0.2943737694987127,1.4354270786006362,0.5996327426927154,0.008518855065879146,0.002366348629410874,0.05347947902468576,0.20634560048462822
7207,Buol,94.22353207889368,2.604095821053427,1.0904556789843574,1.7909771026978007,0.1904330083881206,0.006045492329781606,0.0022670596236681025,0.021914909695458326,0.07027884833371117
7208,Parigi Moutong,80.64378076733367,9.082710330086947,0.4668897550219059,9.662514386297474,0.026596516339932496,0.0007253595365436134,0.0026596516339932492,0.012331112121241428,0.10179212162828709
7209,Tojo Una-Una,90.84536680937522,6.367462448298382,0.11973006313039693,0.4789202525215877,0.04426384152093462,0.004353820477468979,0.6124374138306364,0.0,1.5274653508453668
7210,Sigi,65.39087569176394,34.009673068874115,0.18183509277775192,0.0962656373529275,0.04604008742966098,0.0,0.003255359717248756,0.04092452215969865,0.23113053992466168
7271,Kota Palu,85.61622668869529,11.460722903022596,0.761591765419039,1.1160900003565783,0.44096846659455863,0.008914456871857655,0.0035657827487430615,0.05705252397988898,0.5348674123114593
7301,Kepulauan Selayar,98.98570316660522,0.5956331162180984,0.05980910245381181,0.11142517717422473,0.027036991520216297,0.00737372496005899,0.0,0.0335914137069354,0.17942730736143542
7302,Bulukumba,99.76581508515815,0.11253041362530414,0.038270478507704785,0.004308596918085969,0.04333941605839416,0.0015206812652068127,0.0005068937550689375,0.0,0.03370843471208435
7303,Bantaeng,99.46689002201484,0.304472577660315,0.11092309520710361,0.004527473273759331,0.05772528424043147,0.002829670796099582,0.0,0.001697802477659749,0.05093407432979247
7304,Jeneponto,99.86693901371461,0.06594689232564926,0.004085205719288007,0.0014590020426028597,0.0,0.0,0.0,0.0,0.06156988619784068
7305,Takalar,99.77448322162587,0.07269948776534385,0.015207545910097438,0.005563736308572234,0.017062124679621517,0.0007418315078096312,0.0,0.0003709157539048156,0.11387113644877839
7306,Gowa,98.5234500513829,0.8212074291551611,0.4779911201777802,0.01592793223277448,0.06692794601656199,0.0047477490309231615,0.0007657659727295422,0.009189191672754506,0.0797928143584183
7307,Sinjai,99.87941226586973,0.06335225162640522,0.018350307367648408,0.00524294496218526,0.006990593282913678,0.0,0.0008738241603642098,0.0021845604009105247,0.02359325232983367
7308,Maros,97.94860220312098,1.4996771180117991,0.17805530999805644,0.021003003115967925,0.01880865950683695,0.0,0.0,0.0,0.3338537062463558
7309,Pangkajene Dan Kepulauan,99.30103324098816,0.4579099029558084,0.04186604827024534,0.007849884050671002,0.016353925105564587,0.00032707850211129174,0.0,0.017989317616121048,0.15667060251130874
7310,Barru,99.67767783447702,0.22954157955935245,0.03795569425784568,0.012651898085948562,0.0,0.008434598723965707,0.001807414012278366,0.010242012736244073,0.021688968147340393
7311,Bone,99.32839335527434,0.25638095981228454,0.033022982323647525,0.003901449388447808,0.07510290072762031,0.0005573499126354012,0.003344099475812407,0.0008360248689531017,0.29846087821625733
7312,Soppeng,99.43393528901915,0.3364220421220055,0.037529152109227706,0.004467756203479488,0.003574204962783591,0.0,0.00044677562034794885,0.02680653722087693,0.15681824274213005
7313,Wajo,99.09350339773934,0.3012134226933154,0.02077333949609072,0.005972335105126081,0.018696005546481646,0.00129833371850567,0.38171011324066695,0.03453567691225082,0.14229737554822142
7314,Sidenreng Rappang,90.54139038141157,0.3118667505176326,0.034570135080963994,9.048181206350607,0.005148743522696765,0.0,0.0,0.006252045706131786,0.05259073741040267
7315,Pinrang,96.93066148702145,1.4866796917275673,1.0056448259559465,0.007689722543418452,0.04984079426289738,0.00028480453864512784,0.4650858116074938,0.0,0.054112862342574286
7316,Enrekang,99.00130356166687,0.6502039443253017,0.03206341196753711,0.004205037635086834,0.005781926748244397,0.0010512594087717085,0.0005256297043858542,0.0,0.3048652285437955
7317,Luwu,86.12406085141451,12.711665593926888,1.0292286499720285,0.024963757436492803,0.00661689956148002,0.0,0.003909986104510921,0.012030726475418219,0.08752353510866753
7318,Tana Toraja,12.042645003415037,69.904243241165,14.483831717786694,3.036443656397429,0.01673594745817144,0.0004523229042749037,0.4713204662544497,0.0,0.044327644618940565
7322,Luwu Utara,81.81770746368342,13.773167473701786,1.3855262425557968,2.9359381087549394,0.004174319585907497,0.0,0.0027828797239383314,0.0,0.08070351199421161
7325,Luwu Timur,75.40163492670806,16.278093874578822,2.1512410056403737,6.10937634992533,0.020570290740489328,0.0020570290740489325,0.006993898851766371,0.02962121866630463,0.0004114058148097865
7326,Toraja Utara,4.601821352451076,81.70112842656924,13.596017752189038,0.03183214770116533,0.00046133547392993235,0.0013840064217897972,0.06597097277198033,0.00046133547392993235,0.0009226709478598647
7371,Kota Makassar,87.1905774642311,8.174051273546814,2.825505747152196,0.1438748960716775,1.267010442508682,0.019497065355507697,0.023530940946302394,0.016135502363178785,0.33981666782453834
7372,Kota Pare-Pare,93.21997184013864,4.159768532128545,1.2934969287184168,0.5577818693815662,0.561649982206681,0.010830715910321672,0.0030944902600919064,0.0007736225650229766,0.19263201869072116
7373,Kota Palopo,84.53005434929563,13.26487845766974,1.452694481248141,0.32650136549225317,0.2190195495227537,0.002027958791877349,0.032447340670037586,0.0,0.1723764973095747
7401,Buton,98.53037792516581,0.12240332874483793,0.7007883869353022,0.5232449005130771,0.0,0.0,0.0,0.12318545864097108,0.0
7402,Muna,97.09069357417893,0.5121572106442221,1.0593528330792428,1.2136709445833969,0.04174789489967459,0.0,0.0014909962464169496,0.019382951203420345,0.06150359516469918
7403,Konawe,93.8235075336182,1.944359497813887,0.4277177641312164,3.582084617864139,0.020249440040994784,0.0,0.0,0.1078592622591763,0.0942218842723839
7404,Kolaka,91.80444878692519,4.3098416404425945,0.5916277535275606,3.179245761851589,0.022840320779616282,0.002220586742462694,0.0,0.006978986904882753,0.08279616282610903
7405,Konawe Selatan,92.43084505285596,1.6557880772675906,0.21883161304221296,5.135928824923371,0.04951112488519844,0.0,0.0,0.046109597221329846,0.4629857098043365
7406,Bombana,97.56957661507523,0.9753294789384853,0.04668366430854311,1.151290982870686,0.004309261320788595,0.0,0.001436420440262865,0.01508241462276008,0.23629116242324127
7407,Wakatobi,99.85698155814828,0.03763643206624012,0.005376633152320017,0.0,0.0,0.0,0.0,0.0032259798913920105,0.09677939674176031
7408,Kolaka Utara,98.69704961265865,1.0441733970660954,0.08076479314323388,0.007417174880501072,0.0065930443382231745,0.0016482610845557936,0.0008241305422778968,0.14010219218724246,0.021427394099225318
7409,Buton Utara,97.76381175095001,0.16259865536392867,0.233849751534639,1.775796550716165,0.0,0.0018269511838643671,0.0,0.062116340251388485,0.0
7410,Konawe Utara,94.37641899365455,0.9857761046319835,0.7470940950458929,3.6694933343682687,0.0019405041429763454,0.0,0.0,0.14553781072322589,0.07373915743310112
7471,Kota Kendari,93.4085375526786,4.1518660808508585,1.2518709090031246,0.6104163936461516,0.18553899422690937,0.00793196443720988,0.00034486801900912524,0.10863342598787444,0.27485981115027275
7472,Kota Bau-Bau,95.7982641195407,1.0774430437036009,0.33286858260761654,1.6957318363980116,0.044528472673387304,0.010949624427882124,0.0,0.059127971910563466,0.9810863487382382
7501,Boalemo,96.67783339651692,1.4313014011280203,0.08819911336680773,1.6928040354962748,0.006189411464337384,0.001547352866084346,0.0,0.0,0.10212528916156685
7502,Gorontalo,99.41571064193175,0.5165904468689956,0.022753575963234716,0.0182590424396328,0.01573086733260672,0.00028090834522511994,0.0014045417261255998,0.009269975392428957,0.0
7503,Pohuwato,95.08031192717556,3.883555472706372,0.08000124273775126,0.8823438033988877,0.020194488458073135,0.0,0.0007767110945412744,0.05281635442880667,0.0
7504,Bone Bolango,99.75196420392489,0.22760102878483598,0.007751118627347356,0.002818588591762675,0.00563717718352535,0.0,0.0007046471479406687,0.0035232357397033433,0.0
7505,Gorontalo Utara,96.25190861686497,3.518577204152382,0.025928380052432948,0.018245897073934293,0.006722172606186319,0.0009603103723123314,0.006722172606186319,0.051856760104865895,0.1190784861667291
7571,Kota Gorontalo,96.77727381236572,2.15570125522548,0.23594463906021862,0.11103277132245583,0.46023083713157936,0.0038861469962859535,0.0022206554264491162,0.02498237354755256,0.228727508924259
7601,Majene,99.61616602804635,0.15882785046357878,0.045663007008278904,0.00794139252317894,0.01257387149503332,0.00860317523344385,0.0,0.06816361915728589,0.08206105607284904
7602,Polewali Mandar,98.02206402100374,1.4982833484802585,0.26734322932444715,0.036352620418055134,0.014642027668383318,0.0017671412703221246,0.00025244875290316067,0.003029385034837928,0.15626577804705646
7603,Mamasa,16.47463628446196,74.58488599534559,3.0296540597649946,1.215716508901929,0.0,0.0,4.632286803443697,0.00499707314287346,0.057823274938964324
7604,Mamuju,83.23723265662234,13.155950179984746,1.212560056740451,2.1746549426808675,0.07122232345024676,0.0044513952156404225,0.013354185646921268,0.07092556376920406,0.05964869588958166
7605,Mamuju Utara,85.85164732936913,7.204042599111402,1.7958011148404767,5.10162314224263,0.006697973490909362,0.0,0.0,0.01637282408888955,0.023815016856566618
8101,Maluku Tenggara Barat,5.460362062254962,61.16421906000513,33.05265755973458,0.0740452435424004,0.008543681947200045,0.0009492979941333384,0.0037971919765333534,0.0,0.23542590254506793
8102,Maluku Tenggara,28.932415337715934,26.373364301860185,44.17577404035586,0.360838638767342,0.0010368926401360403,0.009332033761224363,0.0,0.0,0.14723875489931773
8103,Maluku Tengah,61.85132347980912,36.39057998661867,0.8155975427013696,0.2891915354798755,0.007464791068792197,0.011335423474832594,0.3616276562214886,0.0,0.2728795846258481
8104,Buru,84.8466964820877,7.983770574945826,0.8243810226382037,2.2121812900548665,0.03043017197657799,0.034118677670708655,3.6940384526718613,0.0,0.37438332795426255
8105,Kepulauan Aru,29.966245929306616,59.84454111103188,9.318025149159714,0.05229503910242696,0.028524566783141983,0.022581948703320736,0.014262283391570992,0.0,0.753523972521334
8106,Seram Bagian Barat,60.313623554562234,38.80210863861627,0.6589495675833252,0.01882713050238072,0.009109901855990673,0.000607326790399378,0.0,0.0,0.1967738800893985
8107,Seram Bagian Timur,95.01034674203805,2.6396810175137535,1.4869025387371928,0.40882249028415685,0.01917932670468884,0.002018876495230404,0.031292585676071266,0.0,0.4017564225508505
8108,Maluku Barat Daya,1.620612608535792,97.68928359306503,0.5896993523206154,0.005656588511468733,0.007070735639335916,0.0,0.032525383940945216,0.0,0.05515173798682015
8109,Buru Selatan,65.26615863315385,29.274654841534538,0.45089526932607926,1.5464589815729166,0.0,0.0,1.579996646233534,0.0,1.8818356281790911
8171,Kota Ambon,38.76692809747203,57.99326196815736,2.3978578371883814,0.13131916897607274,0.03622597764857179,0.0021131820295000213,0.013282858471142989,0.0,0.6590109100569351
8172,Kota Tual,74.91305395819703,18.83371784718157,5.7900898729382595,0.08436348610585034,0.010330222788471472,0.0,0.003443407596157157,0.0,0.36500120519265866
8201,Halmahera Barat,40.72930773520274,58.27790169680554,0.8723014418864016,0.025890225444116944,0.006970445311877638,0.013940890623755276,0.03883533816617542,0.0,0.034852226559388196
8202,Halmahera Tengah,80.24991241387364,18.467826696251315,0.32932383510451946,0.007006890108606796,0.0,0.0,0.02569193039822492,0.0,0.9202382342636926
8203,Kepulauan Sula,90.81977604056624,7.4726087350215815,1.3514533216624913,0.0460293984485829,0.0022637409073073553,0.0007545803024357852,0.024146569677945127,0.0,0.2829676134134194
8204,Halmahera Selatan,85.78761355581139,13.854940149111913,0.12367340167210461,0.007038323672396197,0.004021899241369256,0.002010949620684628,0.009049273293080825,0.0,0.2116524475770571
8205,Halmahera Utara,39.49841516988267,59.333815269977194,0.8563643441027637,0.013593084827027995,0.009268012382064542,0.00494293993710109,0.008032277397789271,0.002471469968550545,0.2730974315248352
8206,Halmahera Timur,63.7171894021256,35.61257847870987,0.42402440192042024,0.030092054329836273,0.015046027164918136,0.005471282605424776,0.0,0.0,0.19559835314393575
8207,Pulau Morotai,58.49099569235441,41.207279351765756,0.10816555022107521,0.00948820615974344,0.003795282463897376,0.003795282463897376,0.001897641231948688,0.0,0.17458299333927926
8271,Kota Ternate,96.21604157130933,3.0930777308096173,0.24339678522387656,0.02423198082981072,0.022078026978271992,0.08669664252443392,0.0026924423144234133,0.04469454241942866,0.2670902775908026
8272,Kota Tidore Kepulauan,94.2079840097718,5.609905058020099,0.1321414691022153,0.0022208650269279883,0.003331297540391983,0.019987785242351896,0.003331297540391983,0.0,0.02109821775581589
9101,Fakfak,60.628778356377566,22.282576165679057,16.153408750823008,0.04938049919195547,0.026934817741066618,0.00897827258035554,0.0,0.0,0.8499431376069911
9102,Kaimana,41.9403662781898,47.91454950377306,8.553698458345044,0.06486626737875413,0.01945988021362624,0.002162208912625138,0.0,0.08216393867975524,1.4227334645073408
9103,Teluk Wondama,18.15660499221154,80.36928688119752,1.135975076934767,0.1405721667109912,0.0075984954978914184,0.0,0.0,0.04559097298734851,0.14437141445993695
9104,Teluk Bintuni,45.41604669795124,36.87573919346839,15.604135668230896,0.05150509328144672,0.10873297470527642,0.009537980237304948,0.0,0.0,1.9343023921254434
9105,Manokwari,30.76132235279077,64.95264374673727,3.814069441633018,0.15767661378818065,0.052203743754194946,0.0010653825255958153,0.0,0.1395651108530518,0.12145360791792294
9106,Sorong Selatan,21.66490765171504,77.1108179419525,0.6754617414248021,0.03430079155672823,0.0,0.0,0.0,0.0,0.5145118733509235
9107,Sorong,55.22026650051686,40.31917755844744,3.885639841968875,0.2945382970588652,0.031153089111995356,0.015576544555997678,0.0,0.0,0.23364816833996516
9108,Raja Ampat,31.830051520925966,67.33949702401956,0.7575222904462794,0.06351894982002965,0.00941021478815254,0.0,0.0,0.0,0.0
9109,Tambrauw,3.271484375,79.19921875,16.666666666666664,0.0,0.0,0.0,0.0,0.0,0.8626302083333334
9110,Maybrat,0.6771258426286992,80.11849702246002,18.929294761343368,0.0,0.0,0.0,0.0,0.0,0.2750823735679091
9171,Kota Sorong,44.38872131147541,48.094426229508194,6.5390163934426235,0.09862295081967214,0.20511475409836066,0.0,0.0,0.015213114754098362,0.6588852459016393
9401,Merauke,46.60273048703223,15.532199717958676,37.09916409491304,0.20437777187353104,0.09094810848372131,0.006642277585889759,0.029634776921662002,0.0,0.4343027652312535
9402,Jayawijaya,5.400719075910957,60.64665833694571,33.69814111227274,0.04283856490807558,0.001529948746716985,0.0005099829155723283,0.0,0.0,0.20960297830022695
9403,Jayapura,26.073984081184175,68.43661506302314,4.176232546921201,0.294792885665026,0.10362416587013033,0.008039805972682527,0.0,0.0,0.9067114513636404
9404,Nabire,39.032126442533475,50.075061781620256,9.97436351458508,0.20632366640234656,0.10701115533554541,0.003849322134372137,0.010008237549367556,0.0,0.5912558798395602
9408,Kepulauan Yapen,14.659256669600126,83.36126146761342,0.779978541548625,0.03254933635519765,0.00964424780894745,0.0012055309761184313,0.013260840737302744,0.0,1.142843365360273
9409,Biak Numfor,16.070442751462956,81.26468871748766,2.0623353680657424,0.10331393239641003,0.16956103408571113,0.005520591807441758,0.0701903815517595,0.0,0.2539472231423208
9410,Paniai,1.6639292976693258,73.06037853902706,23.706267271494863,0.01824912664893894,0.003910527139058345,0.007169299754940299,0.0,0.0,1.5400959382658115
9411,Puncak Jaya,1.0400601099379128,98.73947087436233,0.2115711630482066,0.0029659508838533635,0.005931901767706727,0.0,0.0,0.0,0.0
9412,Mimika,32.61960099120335,39.23934483876462,20.556480458898577,0.12802127460838128,0.05329641045928319,0.0,0.0,0.0,7.403256026065791
9413,Boven Digoel,19.849777714039867,28.17116018930159,51.251254840097516,0.0519862326115015,0.0627420048759501,0.0,0.0,0.0,0.6130790190735695
9414,Mappi,7.6171348796198775,20.372774253594258,71.61208944622695,0.04286169144480639,0.01959391608905435,0.013470817311224865,0.0,0.0,0.32207499571383086
9415,Asmat,5.290100160622641,38.93336119200282,55.70471551510244,0.016976376718858145,0.003917625396659571,0.003917625396659571,0.0,0.027423377776617002,0.019588126983297857
9416,Yahukimo,0.971965570900603,97.47009336704922,1.5518624781170978,0.004862867146469559,0.0012157167866173896,0.0,0.0,0.0,0.0
9417,Pegunungan Bintang,1.1630039429043006,69.50209371274873,29.333374086866154,0.0015282574808203686,0.0,0.0,0.0,0.0,0.0
9418,Tolikara,0.415111818014979,99.4197173743959,0.06816573011614392,0.0,0.0,0.0,0.0,0.0,0.09700507747297404
9419,Sarmi,22.768493524612538,74.39568105304662,1.5801765187589092,0.05459343059051894,0.03032968366139941,0.0,0.0,0.0,1.1707257893300171
9420,Keerom,45.99884621724081,26.71625185429372,24.715674962914125,0.5645294214603593,0.014422284489863194,0.0,0.0020603263556947422,0.0,1.988214933245426
9426,Waropen,13.649092901497625,85.26320061690815,1.0836478753196153,0.0,0.0040586062746053005,0.0,0.0,0.0,0.0
9427,Supiori,1.2662214942673553,98.52589139473352,0.0692957036663727,0.018898828272647095,0.0,0.0,0.0,0.0,0.11969257906009828
9428,Mamberamo Raya,2.6136673019330248,97.22297849169617,0.1579090661584536,0.0,0.0,0.005445140212360468,0.0,0.0,0.0
9429,Nduga,0.0,100.0,0.0,0.0,0.0,0.0,0.0,0.0,0.0
9430,Lanny Jaya,0.08550921748966482,99.83840777797228,0.07608300453804824,0.0,0.0,0.0,0.0,0.0,0.0
9431,Mamberamo Tengah,0.17199079343399853,98.12833548321825,1.6996737233477504,0.0,0.0,0.0,0.0,0.0,0.0
9432,Yalimo,0.12607607903394205,99.80300612650946,0.06894785572168705,0.0019699387349053445,0.0,0.0,0.0,0.0,0.0
9433,Puncak,0.3143169774077968,99.50653307301165,0.1770044412023429,0.0010727541891051085,0.0010727541891051085,0.0,0.0,0.0,0.0
9434,Dogiyai,0.7621987415410186,38.02208239344652,61.201472159563096,0.008310578178796152,0.001187225454113736,0.002374450908227472,0.002374450908227472,0.0,0.0
9435,Intan Jaya,0.15065448258829342,66.57446283032847,33.27488268708323,0.0,0.0,0.0,0.0,0.0,0.0
9436,Deiyai,0.7324651072940647,61.9424008757385,37.28649849482445,0.0,0.0,0.0,0.0,0.0,0.03863552214298363
9471,Kota Jayapura,44.071210143939545,49.8342455347578,5.2289593112716934,0.2049044623205625,0.23684774351882512,0.004674626516818917,0.0,0.0,0.4191581776747629
